Source Name	Cell ID	feature 1	feature 2	feature 3	feature 4	feature 5	feature 6	feature 7	feature 8	feature 9	feature 10	feature 11	feature 12	feature 13	feature 14	feature 15	feature 16	feature 17	feature 18	feature 19	feature 20	feature 21	feature 22	feature 23	feature 24	feature 25	feature 26	feature 27	feature 28	feature 29	feature 30	feature 31	feature 32	feature 33	feature 34	feature 35	feature 36	feature 37	feature 38	feature 39	feature 40	feature 41	feature 42	feature 43	feature 44	feature 45	feature 46	feature 47	feature 48	feature 49	feature 50	feature 51	feature 52	feature 53	feature 54	feature 55	feature 56	feature 57	feature 58	feature 59	feature 60
D738F5D435	1	-1.3367390738161165	-0.45092072083386525	0.09137927104591625	0.613031856215869	0.25755158331622174	0.20667104594728303	0.025281920939403124	-0.20478817432799518	-0.010522078826614933	0.18186208012448413	0.24143258870800532	-0.6349942238807218	-0.3671360765954246	0.2881772044931239	0.24067317656391718	0.14130710234352417	-0.28677480534960237	-0.34689444532405034	-0.1778166954260856	-0.43372383121042923	0.41801662129265815	-0.757380741177203	-0.9595743253216824	-0.7579888721237213	-3.1451490912296944	-1.3393141689656352	-0.2733863567238284	-0.5178026144090297	0.040461783919301664	0.013891803245369205	0.549155719439083	0.2681938981007017	-0.20371616800215553	-0.28519360823801193	0.2377528289521793	-0.4000850416153341	-1.4969786134470118	-0.5725066157019942	-0.030849917165514815	-0.22185049251681038	0.14801282642163216	-0.25751175668863857	0.47255466439509886	0.43493876512806884	-0.024542847397139023	-0.3406497766255344	-0.514554726686603	0.1882529283358495	-2.0290544924937906	-1.1305843771324207	-0.8491644516927548	0.41558122394035407	0.371388376127642	0.133730585470492	0.08645988385938141	-0.6691098902172183	-0.42002804364987223	0.29806165813597274	-0.19419525256829723	0.29937479403509415
D738F5D435	2	-1.3023680741318495	-0.24624391439026794	0.55539090356445	0.3468260113278747	0.20964620975413661	-0.031362520306077446	-0.12250949382019453	-0.16054790323509097	-0.0999615614892696	0.05998070795686239	0.15208623694154566	-0.3865920966094005	-0.6211650379908815	-0.27041850580708626	0.2460473079892791	0.06815313722695548	-0.013788986829457728	-0.08661320753678181	-0.3152596605666854	-0.46197428849450484	0.7084644509333982	-0.6138387083740126	-0.7545918567852197	-0.39769390928030424	-2.8819632508117934	-1.2060015837590956	-0.0762424016956702	-0.9039336582768466	0.23013885810987533	-0.1022281136291956	0.45386145209927053	-0.008644437348814593	-0.012456001473472922	-0.2550471901295307	-0.17597429655182273	-0.1922704577118617	-1.6367517316248148	-0.5779454860170704	-0.04849888774552721	-0.3119386210455161	0.04704722887738061	-0.1588030218851113	0.08917197408427713	0.024080800762128707	0.12027961213599625	-0.4987803448656694	-0.6739166249937596	0.07045088243346864	-1.9494902942599666	-0.9295328425667257	-0.5092489133120508	0.18612569577409988	0.0416217779623862	0.11095900027263017	-0.008503587536846213	-0.45215562892507144	-0.11371251362953361	0.17030863201099522	-0.4197309513243131	0.411382919901795
D738F5D435	3	-0.9385768289653422	-0.13337112714342148	0.7142342923400473	0.3112875114304585	0.4203001038168054	-0.43976202231704425	-0.6200660200070122	0.1598402025500246	0.3252154191646759	0.4512089614450252	-0.303568984000699	-0.4764448215829167	-0.635768203277227	-0.20427103554920012	0.3264513765516126	0.11252396593858793	0.2903222867089899	-0.5058502814530974	0.13709236439161784	-0.6259575547801506	0.34149210922576234	0.1430108474840942	-0.926130860803124	-0.1883627670694743	-2.413190597850215	-0.6633028221062625	0.5891708625597205	-1.1005578591039944	-0.7182862448455761	-0.2608546030114476	0.5222181063528939	-0.22107750364645617	-0.03681730377744352	-0.06275791122819158	-0.24536875620669307	-0.19469087112967576	-1.8903357041356998	0.13282481197521323	0.3655221365318639	-0.3027664463612649	0.5451388434584851	-0.0977301958946879	-0.06037734758357316	0.09985349224919005	-0.060062345646047566	-0.47564994018907725	-0.18768998793876945	-0.04360804912895305	-0.9205546384541847	-0.9637230986948513	-0.22012016199913598	0.05994602433115093	-0.056857607612217365	0.04224012966023105	0.5261298046140345	-1.065559884243012	-0.16632421647920514	0.162687299786761	-0.3561653083232503	0.0707203554304095
D738F5D435	4	-0.8886446478282626	-0.16849637679144425	-0.24191367802999197	1.1794618411342235	0.8667747218511641	-0.3755498634831233	0.14864827175859685	-0.09341919651182848	0.045490177662269704	0.19516842106611154	0.2940160476089566	-1.0266118190936038	0.04694129335396202	0.7945767686052917	0.6127224061394909	0.40212090697564606	-0.0607498635113306	-1.05545532493668	-0.0008576715197452789	-0.3584585676840759	-0.1689314525157397	0.062417335279271624	-0.8412977409189457	-0.995949403780598	-2.3711116194758928	-0.7295961884801949	-0.3561767376662579	-0.19360894697517383	0.4083861007047244	-0.2320601369461981	0.6553916573506979	0.5823485048178267	-0.42808574849317915	0.10159249355422584	-0.136015479070144	-0.9188653531818389	-1.1924222622193867	-0.14139451988810248	-0.3040847218581673	-0.39286248570066457	0.23822910585065915	-0.4933492485279777	0.6706882627520026	0.6838628457672117	0.09842418846602086	-0.08443160854799991	0.09171918271970214	-0.05387879971126758	-0.9984171355975329	-0.9034581072511236	-1.0724216755907783	0.5450178856952625	0.729638714325872	0.33852336017385265	-0.20500038088562056	-0.7483926366468001	-0.9007291801714028	0.4339036532503716	0.022341134727878742	0.09336530034633883
D738F5D435	5	-2.418542957236484	0.0640534543767195	1.5180226062707918	-0.002666837666448707	0.003084957576434233	-0.03533863738950427	-1.2401933072961577	-0.7495615645507951	0.00897682963378188	-0.12445526023031861	-0.03808240788367678	0.1840129619856894	-1.649675379815616	-0.2906702267802104	0.8802401672893501	-0.5659810597624513	0.0615241034266107	0.06036312244974518	-1.3580193789426307	-0.7416085137362205	1.148980859049252	-1.2444479248172589	-0.1638169448446667	0.8774168650033931	-4.121750312635052	-0.36665013275667135	1.395665420362447	-2.1892363861274107	-0.6792670988828792	0.0355856702519437	0.03832790248528983	-0.30339663821270346	0.3103967608344509	-1.1965858573662342	-0.3221151159729658	0.6054157550597861	-3.3100445463363988	-1.2984216807061904	-0.21092110081480966	-1.4602401353558325	-0.30081223039184285	-0.38081090655409766	-0.12293086892220417	0.07141651776021263	-0.0996940302593487	-1.9352985976243384	-1.099056964503182	0.08102320133450325	-2.6692469199703357	-0.4114072136803424	0.7278654973377581	-0.3408858652245106	-0.04758069679907928	0.42695290765914384	-0.6286540096969678	-0.14875035711817697	0.7457119457825541	-0.1114658711564398	-0.7783379212665544	0.24724056471988248
D738F5D435	6	-0.6780660369272162	-0.45799339572277975	-0.11390075943391276	0.9882168673956857	0.9400593799366512	-0.282883500267316	0.07458402305939016	-0.029070666249755017	0.016929745306021204	0.5837957836402208	-0.8524412733830631	-1.1439493662002536	-0.112035093420771	0.15721733122581893	0.013738048353497456	-0.058244712494597506	0.5010418372138926	-0.7167165286439234	0.040104940741088835	-0.6857497921591658	0.34030459139428704	0.3079114145184605	-1.7241586193158778	-1.1192639752791886	-2.3819728963293034	-1.5036788721694632	-0.610085308988545	-0.4780224897071432	0.23316762867496188	-0.12184440592423285	0.9256673369494286	-0.4191993573824664	-0.4370051815454701	0.2167531185066917	-0.45816665502556053	-0.7914963223987599	-1.1550965845765513	-0.3085459839332122	-0.31120327388048297	-0.2213640901344311	0.41430602791289745	-0.5370463369081113	0.67074310466155	0.4694341927386436	0.04879842783414351	-0.16643718105770922	-0.24564472815954508	-0.018908557538454995	-1.0991075567572914	-1.7204735501665118	-1.2185003272126467	0.55944066594477	0.3926366558417378	0.23048666615960767	0.7428545355306713	-1.7858692033817025	-0.9708234738628783	0.2666720784062595	-0.16522074745962562	0.3668392208836019
D738F5D435	7	-0.7587330525236928	0.2548007085086528	0.512856550737316	1.0054698401225446	0.7645625969756837	-0.06890728003434643	0.06979364661422555	-0.02929227374863505	0.05501577175313477	0.6772929419816395	-0.35398636424094754	-0.6905779141477346	-0.029480867503288266	0.10177578163051804	0.22039255944467184	0.014802213648582807	0.13654482198932727	-0.5693780703332536	0.005461348753404871	-0.5330052790503597	0.5226922071847999	0.12295814099966873	-0.6892321293061734	-0.4082162482484688	-2.51752669969835	-0.5278040774034953	0.24341066810976053	-0.35879856851158354	-0.07909130684979926	-0.2160098792437396	0.999741121859377	-0.21498194961747052	-0.10953494152767895	-0.18141927062261448	0.10631106438807314	-0.3211111157861437	-1.3012628006359095	-0.6619203237303126	-0.18406057795587105	-0.14338293004493316	0.21882849039996005	-0.45714324829641795	0.28586395170394585	0.31418998125583575	-0.3241268450313745	-0.4036908441565835	-0.5079592324210224	0.11349065287845062	-1.088735207635923	-0.7347279656995274	-0.49159794310194505	0.07348749401114196	0.06487276665666064	0.17253467594953031	0.7590522733856273	-0.8965655663923693	-0.3463889813061405	0.3904741086242991	-0.3312638069734331	0.40937238432133594
D738F5D435	8	-1.6119904287621698	-0.34524731291832933	0.6767405914481002	0.4561447028572634	0.28564377407698127	0.00566838623009891	-0.3458917292208753	0.027214700833678794	0.19779877582253008	0.0736685718952963	-0.12138745107629223	0.22794587331852512	-0.5565456701036472	-0.2925685839515082	0.4440322176936087	0.0033000667836728947	0.09330785581747612	-0.228034724031712	-0.3284314037117124	-0.7841036515746248	1.0920011787408057	-0.7322199732135575	-0.8015514751057742	0.35424565575086	-3.4248796574151243	-0.841094300963781	0.6795775087410887	-0.7511096614759869	-0.1494800587312356	0.009740067096807525	0.10662538661971332	-0.3082907934704784	0.5403335036653198	-0.5381103125925998	-0.07415471525918615	0.33114032661063986	-1.970093366176469	-0.7164164179272413	3.0733224141016313e-06	-0.637322977291595	-0.14306079005155914	-0.12637971561500427	0.14421615794636455	0.06503787740225264	0.04402859548394683	-0.6474115492720363	-0.7216032935137261	-0.04218358339525202	-2.1460002701899272	-0.9081986036912291	0.238929282302478	0.0034844391996590174	0.11003472611709064	0.18045308400479398	0.2675156717442271	-0.6898961355519995	0.5636952824607504	0.27357071429944413	-0.6648376344599674	0.04540704933173939
D738F5D435	9	-1.0361441065932415	-0.11526647047527372	-0.32889020152613524	0.5690040691191238	0.6739991209008198	-0.2909506689878079	0.022364602757786012	-0.10080008128375345	0.09765070087180239	0.2458181636411978	0.1936873714166738	-1.1020092739963416	0.1040533196430461	0.06619863796736447	0.15011272008452758	-0.06843616273317621	0.13857531342456192	-1.008024950376079	0.08357624717975742	-0.2917980280918311	0.08343778928420353	-0.32354767299488474	-0.9787533552209946	-1.2348862028327703	-2.829453630643868	-1.0646596610086425	-0.7172436687314754	-0.448359410130456	0.13321085505960484	-0.3652418086918541	0.4288148517834178	0.15455257163496383	-0.5830379440215578	-0.1477216800721908	0.30640142772537704	-0.9095160471386528	-1.2715361462818837	0.03602552950467619	0.024350686746256567	-0.4716958053163565	0.27488128417591945	-0.8117663435585273	0.40833132002584394	0.4743973490676343	0.3892270379302545	-0.380749620954021	0.11122858789636791	-0.049322394600427866	-1.5367930154317335	-1.1497839680294866	-1.4034454255120137	0.586118335257988	0.5122490960547306	0.4850762116615138	0.2685324829464476	-0.6273428716723846	-0.9437441536517066	0.050804328355593675	-0.010867683312922705	0.15995695046202568
D738F5D435	10	-1.174794663184188	-0.7705665755271047	-0.5680262117468232	0.7688501975060569	0.6893411981364428	-0.24132192430154487	0.0779599274429566	-0.2077294091753712	-0.013958914235136732	0.26412059190386983	-0.19729030726295727	-0.9034750520508334	0.00684646755064966	0.0017744167307784942	0.07879799404280852	-0.11997651928465514	0.11062977690257399	-0.7252852322286568	0.03522665206272138	-0.3944041322838028	0.2577468893328948	-0.7671279402396958	-1.5334796381474818	-1.1712868212393666	-2.8289249526035682	-1.853833793519217	-1.039651881163603	-0.4837319862873144	0.10315125018104998	-0.1310684660917789	0.3670376622429825	0.05188145492291585	-0.3156458958485373	-0.35537494394430225	-0.12388675862607901	-0.7177725106782724	-1.2323895956026414	-0.3710759494623413	0.026757183594569883	-0.21426359224683925	0.28393239084275984	-0.4040416282920132	0.21483909607272444	0.24534466363108254	-0.07241136237037332	-0.20985290473113616	-0.1382673024040607	0.011386601513731387	-2.0255520071541633	-1.5590683759073427	-1.37602411204618	0.13270847543347497	0.08331414334705789	0.23747664056406115	0.1947521067377106	-1.1879372734247429	-0.8161265060289042	0.14167248689295708	-0.06921953280106391	0.05512488065554472
D738F5D435	11	-1.0173275962553645	0.2969842051929146	0.11728806760346444	0.43870936598376997	0.12336278486503649	-0.15110523206294135	0.08625515056982985	-0.17732566666698307	0.017661364459890194	0.877460101341783	0.1948986869976781	-0.8980980327549988	-0.38353675595115233	0.3098883668829837	0.09979400871781352	0.030303494601809033	0.16499645592333806	-0.7677716547601928	-0.0589488700345821	-0.24856200502296533	0.22356088458781997	-0.03454398899668576	-0.24240070643368483	-0.643235901451946	-2.539130444846997	-0.5289976232440439	-0.2119166737784397	-0.24846515883088816	0.45263939791201946	-0.15466414868694678	0.8605505703894141	-0.49870942750662417	-0.44025881870764116	-0.3679375562769337	0.4664880951157593	-0.6140168588247066	-1.0480457556956817	-0.6344328952389107	-0.35988688564473303	-0.3394515139356131	0.28996769894233576	-0.4252092836076433	0.23589564298541066	0.3868237714223741	0.40104451956046466	-0.4113208778190939	-0.2693330317342466	0.024316679994028645	-1.4370856684096647	-0.3286034783254128	-0.7144314912138119	0.7416064681551848	0.3904709239442523	0.22744200441322415	0.5241002937447824	-0.576439916472669	-0.6967154795367934	0.25328169289669167	-0.2758866789286921	0.2083379385120434
D738F5D435	12	-0.16069961640896335	0.008005370296792824	-0.21945586015598395	0.8499551431873225	0.6076600780287158	-0.6666658987380585	0.00020329227602203237	-0.018140927942768517	-0.013878170916827082	0.9506376371869268	-0.41924024684799166	-1.3105707439694165	-0.09721384804296007	0.17666372576090406	0.06511409820000846	0.3478289842440573	0.40258874276453793	-1.0256272517990177	0.08069421118899861	-0.232568920553897	0.22310924673981603	0.28240331531240503	-1.0610380993845125	-1.2046167339324303	-1.7200780332760615	-0.9055963982994197	-0.6203615047417139	-0.2275881644915163	0.09886720544636185	-0.3417600111553545	1.2581886153129402	-0.2885011832969251	-0.6847176423880552	0.08383598151887894	-0.04564092020206778	-0.9145227489034424	-0.7450756554151059	0.14177943331095721	0.14656613281252762	-0.11459670912975722	0.37782869063056534	-0.6296309963407191	0.2503187315070301	0.6209954529345	0.16767530914879863	-0.0706109439457192	-0.12201758626734338	-0.026697263144710492	-0.4703335960350643	-1.1068549304228723	-1.2710168737327794	0.6688985520881847	0.3450665065526628	0.06772176926931306	0.8352378673630033	-1.1878031583586355	-1.1202081856564332	0.2551018047849589	-0.35338607278513845	-0.061963331699622426
D738F5D435	13	-1.1224895878917622	-0.43692213017477033	-0.17424340551444528	0.5553946138861416	0.14827979899417176	-0.28444434845387	-0.04596646450791708	-0.2730742421554964	0.09767443857006552	0.3727311616349096	0.34654109049835435	-0.9127094307582562	-0.48854284885787314	-0.09305500469463457	0.18187632463811076	0.16364131067344045	0.048657625144652925	-0.619131720635578	-0.13258893549362458	-0.3904034007203261	0.03305774556049257	-0.14119429941707262	-0.13497425751653802	-0.5732806733120952	-2.351005760890345	-0.11519710909090941	0.019996690627542835	-0.9223281503842025	0.013702853286061467	-0.16371534840942736	0.7589834126788517	0.1000308382544326	-0.5074519176600698	-0.08897282148319144	-0.18424481813306737	-0.6211570853689821	-1.5765316410970323	0.03505659521651272	0.42566370526727415	-0.2625680177276524	0.21355060474569393	-0.40645348270719805	0.15760792934579815	0.055075334611308646	-0.08798370918093562	-0.379609026247814	-0.04525023568732922	0.16889826464728397	-1.0292992645533956	-0.19148342791580575	-0.6069967821837048	0.1417430813390741	0.08327312241210927	0.2494093823082586	0.15250580604790132	-0.11276407066120386	-0.539538272177986	0.1399818270972375	0.010517086441444168	-0.07518483461331851
D738F5D435	14	-0.3768134485051684	-0.16243745579589608	-0.42919296228004955	0.9360599615056868	0.8293820204098955	-0.8885164690101459	-0.029770519802270995	-0.14430917477918342	0.08297721531954383	0.9840022258780892	-0.14410047272548177	-1.3415914554285853	-0.03234930160445715	0.3829331530636261	0.247928741649742	0.20320325716168086	0.3980791048285539	-1.2888433033372584	-0.01314602290963554	-0.16187127082213326	0.06702525566695428	-0.007729605703871378	-1.039771022929473	-1.230900959320057	-2.056804950746227	-1.1242384434846167	-0.8538535304727403	-0.28281613216576607	0.14789189254191315	-0.1804063353080123	1.0722081440242863	-0.19518068784686138	-0.9400989982328967	0.019830074298847533	0.20106429827783678	-0.9201000728853599	-0.6662540017939669	0.4196252679136596	0.22341256141068416	-0.3251079446997601	0.36306914110660543	-0.6285848882793128	0.24464217898712093	0.2896109737264788	-0.36915344378646503	-0.03408906505459064	-0.04594637073168428	-0.10796911627301381	-0.9987767172130502	-1.1593343653355568	-1.3989261702003846	0.1848350023866171	0.1891421412216161	0.25017838529220127	1.0344382782915644	-0.9243963585107076	-1.0241064066893117	0.302279280051335	0.06348177609179001	-0.022691376813597425
D738F5D435	15	-1.7054968561002255	-0.1516556935184199	0.8317946786890478	0.1014748750203267	0.09603377750172726	0.04992134604171905	-0.679127328258434	-0.48623953567084827	0.2576271172646117	0.021990057560710596	-0.10893603687890652	-0.20532779045090122	-1.4798889747381825	0.19871236076985888	0.7190952909249557	-0.30367819720288747	0.18398019551691625	-0.2369221753879076	-0.3237557711580391	-0.5488081872123098	0.8115315527419975	-0.8110038670189792	-0.6501776128734353	-0.1409450890398687	-3.483761190536677	-0.8929601932874842	0.5139859976287708	-1.8245869485287445	-0.016762902894152387	0.24470564926793104	0.11963325317829598	-0.2075718003827649	0.20135420306335838	-0.2302815487598069	-0.15376168741500829	0.004190758647582005	-2.300207311435014	-0.001510462660730294	0.9035377003601344	-0.8148973573705502	0.38110497217225814	-0.2560433867102775	0.03664171190233989	-0.007699373047608704	-0.05134181060115589	-1.0418248647362864	-0.19820937870319788	0.6996451022850594	-2.0521739423996075	-0.9704056502948908	-0.2437735660735516	-0.19894062523797895	0.1232506646565601	0.11839756310129879	-0.010933338349659816	-0.31441280520328396	0.24350182222261507	0.019098446694226556	-0.4196435957015618	0.4453166770017237
D738F5D435	16	-1.552097095216956	-0.068039581681554	0.35913310734281345	0.1597933643506657	0.1679130717550853	-0.2850029453714318	-0.4340282604313792	-0.14456786461682403	0.370199709308585	0.10048927320212164	-0.04158221120702721	-0.3418766161244935	-0.8480695443260924	-0.2758655057821493	0.8709602547870429	-0.030019033493114744	0.2185508288251704	-0.3810151943995359	-0.38809552935535774	-0.48027709026636867	0.13216273492252584	-0.6923211524823646	-0.3281198888095087	-0.08455919086212882	-3.4375915453882495	-0.3758262899158584	0.37269211222732523	-1.1222021800026658	-0.307226657155247	0.24501711568571055	0.14857209075722233	-0.00722341788754588	-0.06454620556136992	-0.5909342308401597	0.3647942670606432	0.04102296889365409	-1.9220320778417896	-0.5530100081917606	0.3276002703911692	-0.1788887354479734	-0.1628423393621387	-0.04658775541926963	-0.1612719791705084	0.14384355835355978	-0.11799498916391976	-0.6325908802154487	-0.6366233299048183	-0.08396028445339049	-2.1841538703134127	-0.3490909184625113	-0.16604988329948833	-0.2052016211529395	0.009051801293816109	0.17947799776589113	0.21598286864702454	-0.4498663989756939	0.02299176833999006	0.01947193415731263	-0.049459767690126555	-0.09870430260316593
D738F5D435	17	-1.0285595555800615	0.00978337236531579	0.8147322383998647	-0.005336204031169078	0.3409695929936627	-0.3203507398380502	-0.3231565821266207	0.0011694509194018418	0.1112960926456773	0.47553801393508177	-0.365554326448045	-0.3399240685012934	-0.755311277279751	-0.3277760037858797	0.24982975931981355	-0.12038758925161752	0.29269968974728444	-0.3568407906644764	-0.03752288683633215	-0.7462212855890457	0.29061846207553543	-0.0906174333682036	-0.9081680557633507	-0.09761373034621901	-2.774243356221879	-0.8406793446418814	0.5140646940926679	-1.2094184642929209	-0.35301322005226143	-0.14176195544234715	0.42967462532581835	-0.3766389519086275	0.10320533421478917	-0.17301044694177728	-0.12618155483510685	-0.012374544431899892	-2.056313481936316	-0.27587382771716	0.34852539736839944	-0.3831996526452861	0.23794757592997146	-0.3926222346332915	0.09626073270622348	0.05395319393639286	-0.020120975809721275	-0.7674076718269733	-0.26674272810466226	0.19525867254653084	-1.3852399954512498	-0.9772036751303252	-0.17807319340692374	0.09217791909957951	0.05457877984300197	0.09787324467776726	0.41258421831055225	-1.0297264435402476	-0.0015974630447286309	0.07098131370728966	-0.2559014282577957	0.0861109175820925
D738F5D435	18	-0.5467990395882347	-0.4972754117693319	0.3784467551872921	1.1795729605113903	0.6884847084874168	-0.5587425065979019	0.05209094512404361	0.040648966472057804	-0.0252451436467378	1.4660102083321571	-0.6479843151941356	-0.7865273364226129	0.024742397238459835	0.4319170268754283	0.3584864277350508	0.598504262275946	0.15721785328088955	-0.6112767708422027	0.2488107398834095	-0.6159972104092752	0.6846851625048895	0.15018700904329507	-1.703217807551074	-0.7662915779168502	-1.812462232611705	-1.220466484840151	0.06457354728275888	-0.3535291665144322	0.08126817524507013	-0.13487758700721886	1.5684898987669178	-0.7812153566185649	-0.4672588247312055	0.13656024522738824	-0.40285613607277204	-0.38764287457732394	-0.9394197308929604	-0.4941279087633423	0.2691749271900184	0.024885062749880005	0.2582556465464071	-0.09811688800876417	0.28195856503097416	0.6659952342398117	-0.04892455391933709	-0.05931878274743063	-0.580711028892323	0.316215260843116	-0.627124969673537	-1.5362979391305427	-0.706462768357421	0.2461701344775321	0.572501157533426	0.187570630045935	1.3196559184064924	-1.5197623416218957	-0.5023825027353419	0.5937529168093052	-0.39812767604672333	0.24258674337942776
D738F5D435	19	-0.7406086829973209	-0.3919925915102309	0.09215211394797995	0.36132338123243124	0.2817873915632485	0.02675787598180801	-0.0171554613588471	-0.21626922821922268	-0.004891369708469373	0.2636747864877409	0.01729618806064015	-0.44467163902190676	-0.5827024484294812	0.13285584789874694	0.20705967451730722	-0.06491085866104207	-0.12257866247166924	-0.4364180761439491	-0.15816883847866162	-0.42163704175313543	0.53394552167828	-0.51243646430737	-1.433314733462604	-0.7635378380462878	-2.105955316339137	-1.259472368722612	-0.3533219366246818	-0.7851455133003569	0.2543062286348018	0.08763365056519845	0.28868307580825525	-0.1334990134459979	-0.03786323198799901	-0.27721672466294445	-0.04558653597060136	-0.29681575998722587	-1.1875734444171229	-0.3027740571421129	0.12078537611330062	-0.16440771574599705	0.10761121375731869	-0.1759169018548925	0.12540116669837997	0.05555596089315862	0.028509545456558705	0.0005406639562175464	-0.24271578801540106	0.18704854220619294	-1.1211243075576276	-1.394989142315663	-0.8869092571285926	0.029506983305183754	-0.10400534284040597	-0.01779658211174273	0.07038746834750986	-0.987466124952932	-0.2974551819969653	0.16273356311704568	-0.1481690034236432	0.2763509129011521
D738F5D435	20	-0.6347530179229679	0.07316861021961807	0.08621421289233888	1.148658853519028	0.9447763672624272	-0.5294058313396346	-0.046905552061342976	0.08566679002245395	0.043124976013039884	0.7302984170380554	-0.22416605867737305	-0.938706600232603	-0.08525055637047718	0.2739365267354681	0.32007623118486705	0.35653991134649154	0.39522083115618734	-0.8021220287709592	0.17024166480332012	-0.34824462230709186	0.20940047270492668	0.11964931291306868	-0.8179838073819008	-0.774506475392333	-2.216582004472608	-0.6447512977894321	-0.14844118436147125	-0.3703960011381293	-0.013472893162690514	-0.20745252860757235	1.0076378795544176	-0.0043012627359249045	-0.4578595599535126	-0.11748455131865063	-0.024389811693853902	-0.5397461541285493	-1.3560409800147917	0.18864917846187002	0.405015393448796	-0.1087411297869488	0.30431598387039754	-0.39523339972484495	0.690222586308479	0.6048517412434695	-0.0011583927706021457	-0.2506394023302123	-0.02524761224890648	0.08855521077742501	-0.8718940994078292	-0.8040649644437674	-0.8397850609639499	0.5782265427547896	0.6258577607123637	0.5211049228589033	0.5719705197010332	-1.0206618552989095	-0.7121055252994568	0.2905356915690902	-0.015860686486527442	-0.09642316026603578
D738F5D435	21	-0.7064831767657331	-0.6054365192117945	0.3481855376551979	0.6844109955116087	0.37429889252348547	-0.0677537595524701	0.06313327705358945	-0.394263128337759	-0.14608714458405503	0.39454134111960837	-0.6258517771448391	-0.5200622249781433	-0.459321849054416	0.4125075454659608	0.35103618200352327	0.008854413381015336	0.20996802197750458	-0.302660988812693	-0.11849762497748087	-0.72059135934883	0.7120689639873705	0.048691099351999556	-1.7957989195998092	-0.5940015522070083	-2.149985438767806	-1.4654212653151881	-0.010566152435573128	-0.6204516222806559	0.1247537146094736	-0.0095182943476958	0.6649396288338669	-0.3317144040760175	0.10188227071981415	0.04051708625199385	-0.4653934077785644	-0.19927831106958238	-1.3014976304959536	-0.33869534779532795	0.6097322268640879	-0.19914012514212012	0.02738340997697361	-0.19031768644182068	0.2411764012979306	0.08716922576478314	0.0906143874345296	-0.17077435951907638	-0.3923901146423743	0.54135464145929	-1.0029959189417057	-1.7467235572466628	-0.711630078213568	0.028268714787209825	0.11274592957708984	-0.10103428194164565	0.2919161665334805	-1.6638407193824774	-0.39152231066206067	0.2409953751081002	-0.35759914796858344	0.5791464175042047
D738F5D435	22	-1.0064840207932373	-0.09136146073305396	0.16940511184031637	0.16753258038773722	0.06136558874866216	0.09436504833087189	-0.021526251543630137	-0.16645092771799683	0.0794082148027	0.4555279732091406	0.34331082559989934	-0.7482976940139523	-0.3845689590731428	0.4538257898683471	0.2361451955268652	-0.0957723049384489	0.10753602891781504	-0.35451042538571675	-0.2311844914119243	-0.24747472898167122	0.213731089795011	-0.4060582423182618	-0.6293294492675661	-0.6830473687586602	-2.6471777833571246	-0.8803570631236064	-0.14262234109361582	-0.15017269910048303	0.24302539925584443	-0.22203750878708806	0.8183088528913975	-0.2329571222453034	-0.11736739869746549	0.005248787776892472	-0.14649967801757935	-0.6272073055521088	-0.9423445712138789	-0.7316886793002203	-0.3828109140777472	-0.34046546948786893	0.11164370840748415	-0.4776856633085238	0.3883758569200456	0.5805729865396291	0.2671158093986472	-0.4067738140761211	-0.33462794730601164	0.04431415956867535	-1.3827098064477135	-0.87985969297248	-0.7519030321829463	0.5975425910881558	0.6170742210582577	0.1784166674646568	-0.03195039211366468	-0.5018722646310945	-0.6151707688934154	0.30676401521341456	-0.1835272436787051	0.1305482998629791
D738F5D435	23	-0.12714470665522737	-0.4034008015361221	-0.6926405005880378	1.167550268814876	0.7751588109800787	-0.9719084695203662	0.0725260658586705	-0.036059641564044495	0.035213123788992995	1.269999621357178	-0.9550261010007348	-1.8189153888763636	0.10008786152464177	0.7601945157370957	0.5311606809829179	0.5572636183402473	0.2935428901061515	-1.3595905116961302	0.2881750199986086	-0.6853108917789028	-0.291248381040299	0.5451315974583966	-1.783486380981717	-1.9436423561899465	-1.3530803472510904	-1.2650440089303245	-1.1917540860143196	0.052494751985949106	0.3510345427734593	-0.206155336355342	1.5663273496547374	-0.5761578938141743	-1.125472935933226	0.46303405266466396	-0.6209943527611395	-1.4927984691187388	-0.08724715643157843	-0.09519151693866557	-0.3965930134409115	-0.10291955993974933	0.5787857249212262	-0.7450658497478349	0.3571567085333154	0.642272318869024	-0.16807483368574833	-0.0640569930915802	0.04525359121195027	-0.06296627820874734	-0.12746939734189988	-1.546488151881859	-1.8666922125459529	0.24788757203141076	0.6834342220651028	0.3566149084123875	1.1161974621484692	-1.851966631804397	-1.721425660108468	0.5520959349395121	-0.23878954342882291	-0.21347927312108456
D738F5D435	24	-1.594520152369393	-0.9502367220533896	-0.3085089672161858	0.7103435953673414	0.462300084541703	0.03309666533770783	-0.010546980679067203	-0.01588581222063712	0.05308380704504212	0.24139058820091597	-0.37540710885994355	-0.6894273289922346	-0.4488279360259757	0.0777116988968245	0.15919835346196876	-0.09889854539192156	0.09202079350441277	-0.3092229228317773	-0.02738626235032704	-0.5046551616303101	0.5227532707798062	-0.8956715401929425	-1.923181261200897	-1.1664320597031406	-3.336780236459226	-1.9666039248252767	-0.7699126165990057	-0.8961373038193016	-0.12867818639509987	-0.10549870269578521	0.6287452054103084	-0.028614156016360193	0.04606097283172472	-0.39709086783303543	-0.5007666369392187	-0.7138122895190082	-1.7563142024516445	-0.24107425407832922	0.125572563962135	-0.2982175517605115	0.3071096794262591	-0.20727016869797765	0.4789727403002214	0.21998310224634565	0.24656576205768885	-0.4317355129024124	-0.2615717702969762	0.22765885795857643	-2.1401655478811428	-2.0440185798316595	-1.298013319758621	0.40998404398127464	0.21921524372593448	-0.03806401713746954	0.07614831276256895	-1.552700825455866	-0.6943598806950746	0.23795845942957272	-0.2518668791555625	0.3943010369186064
D738F5D435	25	-0.29891126305328997	-0.09878493184228287	-0.17159563256168409	1.5968586803505906	0.6116563729657902	-0.6785870170069073	0.06487486638348317	-0.024622444104561755	0.07313587313386483	1.4991180731936489	-0.23681113090735484	-1.1676665186043178	-0.14380927841330982	0.22301008330656025	0.40995780779970503	0.906734672281235	0.0983977708295757	-0.8427576221121956	0.15120899297429105	-0.14964545535495444	0.12256069442443762	0.29955952494328075	-1.0100929500174645	-1.2432160830679642	-1.6625813395947748	-0.9513542982769794	-0.6825120161582161	0.018460768657569293	0.24846722302128266	-0.15254233251763794	1.921948347759316	-0.027386077650437324	-0.589161750538233	0.08000356556028204	-0.03783418220174939	-0.9652622943830127	-0.5340159180854074	0.2631837550404792	-0.11580516735527072	-0.19770265630109307	0.11923954709961794	-0.341240483744921	0.5999448508865185	0.44847789089184453	-0.22593424049848415	-0.09754317500851939	-0.027536281214856517	-0.10268574302928724	-0.5235122408823591	-1.0877597471574498	-1.2504224806699618	0.23770888806479595	0.49624176754348737	0.10791643117318328	1.1190196376260648	-1.0254827472423718	-1.0894732236647322	0.9103202784118333	-0.16879536397327202	-0.22398267674539543
D738F5D435	26	-1.5754794723765397	0.06402282191814712	0.8710906247926185	0.40260573057086857	0.3700004454790313	-0.1231244857962015	-0.3617759516338618	-0.2398703242380329	-0.03845199014401235	0.11557969710434413	-0.07728695957821552	-0.16265359489293907	-0.805486853039646	-0.20790672538730237	0.41583259363276026	-0.07920712257218665	0.061996930390913155	-0.05513019222385296	-0.3368362485294386	-0.6268455899899092	0.7853027115712619	-0.3885169392808598	-0.6440268787303154	0.008364419027368175	-3.341463699623308	-0.4700918647287007	0.7571158761014696	-1.2242320667073188	-0.11629119912939867	0.11132034998438867	0.3586682565390271	-0.2268966759953519	0.25374023775322607	-0.3112795819146775	0.06007629594128705	0.1698855187396564	-2.191171656832122	-0.8897065090490862	0.12389541569393678	-0.4412720326116719	-0.007346603269542548	-0.27416880547701006	0.0967276918523492	0.10568853316406979	-0.02604647833968393	-0.9267604332804178	-0.8681103628463669	0.09999228230599144	-1.861991031524016	-0.6827062817221163	-0.02400904128355341	0.0819632475313471	0.08594898811893592	0.04237417291072809	0.25610680480125236	-0.4736359022702388	0.1764914787611942	0.14779430749016287	-0.4670260944909285	0.5119948236038101
D738F5D435	27	-0.9337785302763468	-0.9329814997452033	-0.6385050947063369	0.9154804952336992	1.0386962734630028	-0.28205178519080737	0.08527343507897872	0.004063815475106425	-0.06457628428202622	0.820522720064128	-0.7440335068796464	-1.1459217289253312	-0.2916612186638393	0.11746828641410811	-0.0555438112688027	0.03724529377703045	0.4768929810485407	-0.7894367072017116	0.0515318810691157	-0.6601658294729591	0.2754820234794352	-0.34439468681275587	-2.0746382921848148	-1.545096639650425	-2.0523183589199534	-2.0628280906120344	-1.5023273113703988	-0.23602445716020726	0.3858092912232442	-0.11599251918591147	0.9961590609919551	-0.4091916887059104	-0.5063329480357746	-0.2208952194970425	-0.7053690148904572	-1.0342365197681147	-0.29709952640974713	-0.26870479571487665	-0.4362111710949258	-0.24844674801309252	0.4135717026069747	-0.5690332567601677	0.5638564280385158	0.6787430810616227	0.06253844637118444	-0.07722418624557814	-0.11776534151088247	0.05115550614165365	-1.5278576919384013	-2.1187237414112143	-1.7088730171023898	0.6654393723335591	0.3910776719335951	0.08692473111803589	0.40472483100601675	-1.8917300565752524	-1.0973950940769175	0.24527458875161234	-0.06391992486664533	0.36483038815766244
D738F5D435	28	-0.9011904182195012	-0.23244141941310414	-0.2979075107198421	0.4725618932982105	0.4281843632281307	-0.614587634905184	0.004285889399441661	-0.09739917147942645	0.020919744073694235	0.61177170133828	-0.36294109903333815	-1.2439996921264274	0.08314588772663523	0.4269604066294338	0.2109454887477089	0.021710864449179912	0.5013404363649601	-0.9905815712303855	-0.0051159312575843885	-0.25319296231122346	0.1793755009350254	-0.3107654637592946	-1.3238413955127109	-1.3394829521441365	-2.6873049617000344	-1.2191954778124945	-0.7133825804988991	-0.37159952620375747	0.13704885467501726	-0.3183746446600917	0.900759794048906	-0.08166051693333432	-0.6106756175764535	-0.017684691481897163	0.03829293704504089	-0.9250435459389965	-1.1506254298490521	-0.04447844686480229	-0.04330150962140628	-0.35032182132958584	0.44170320963925974	-0.5926446023652545	-0.05875916539742665	0.5256786503341386	0.33239004494420243	-0.25116548544012596	-0.03292245701588259	-0.02975682162025972	-1.3591702510188757	-1.386507220233316	-1.430512788204074	0.8038562220810856	0.5677793608787574	0.48480406762052686	0.623646321289447	-1.2051683930512778	-1.0595915205326316	0.27202256373854294	-0.0870450297923897	0.09086808441004268
D738F5D435	29	-1.1700000651189137	-0.35389235094173954	0.4049172248998729	0.5153543467687396	0.5182546395046083	-0.3053458940351376	-0.02592503991437864	-0.16971704042068486	-0.10682380588620533	0.020470266833302997	-0.15827293221127192	-0.587271304477543	-0.20121576830661791	0.24046219632719024	0.31132810347188555	0.09088104549068832	0.030580869137834768	-0.1099932682407938	-0.374467385603539	-0.4635032781392172	0.7470469232616532	-0.35184100026185333	-1.2331327959478595	-0.6013900673437806	-2.964818206193385	-1.2949058729595901	0.019364763929447637	-0.5888632271681349	-0.017072748297426332	-0.4369584953810335	0.25217348228587344	0.07972347690581616	0.006619094132890302	-0.054317461713246584	-0.10327471093007001	-0.16720534311091817	-1.6298284328847088	-0.849028533152668	-0.2632288516966451	-0.3540483493259452	-0.02296850147613745	-0.19312938699169502	0.28839874944173305	0.2027770885048774	0.08662615888232383	-0.5912049358522669	-0.5861799392468443	0.41586872861292734	-1.6302850469028716	-1.4087706785941825	-0.6314311815022022	0.19010334663798606	0.10943424748098729	0.09995278172294286	0.10063746443408195	-1.049015456324978	-0.3650988885615214	0.06007336025342691	-0.3495272266130549	0.44106961665936717
D738F5D435	30	-0.9235857549430186	-0.6948223801870055	-0.08927112799125947	0.855094604958937	0.6729081684684162	-0.24755638451864326	-0.20865174257609956	0.10155826302340291	0.2674091002930535	0.3718445221731961	-0.6712026822674282	-0.7068191485553761	-0.32987820408365365	-0.18707715289613125	0.13870190682943928	-0.0733783542334625	0.3516435557735982	-0.48704097014199665	0.17030952668871419	-0.5699026178384783	0.5474570718195659	-0.13526936970719727	-1.7982475042207435	-0.967366569640679	-2.684644336820578	-1.6819788419982815	-0.5441147260121015	-0.9322389110636154	-0.45761041646673883	-0.0843499131373956	0.8148000904220305	-0.15540522850247318	0.04097134797644553	-0.09833947997345235	-0.44071158438254554	-0.5417398524694772	-1.432900695310994	0.06070551968330051	0.3078071183927893	-0.2312339536250205	0.17927261649275827	-0.3158050530762977	0.2766314270479303	0.28328649564720365	0.006582857274449627	-0.15782813292108322	-0.24275816236544567	0.04366567291290613	-1.4123635891567403	-1.846402147182913	-1.1000785851258077	0.23479610471322454	0.19829118135697277	0.18526252900123663	0.4959408335750027	-1.6582024161515136	-0.6092746412777847	0.31801526797977786	-0.3278980107549021	0.368316320062372
D738F5D435	31	-1.4333929005645591	-0.6980553705705308	-0.007531770629185308	0.4589766189100484	0.5665447297274189	0.08446081870246014	-0.09046503398233285	-0.05617217552997404	0.04573443436681002	-0.09475718993968063	0.34927585005711714	-0.7137444415509879	-0.11270821368609862	0.3802762637715801	0.2564501262605714	0.02386220715140208	-0.04142931978682712	-0.3195412153713659	-0.11212652129657172	-0.6081965899248662	0.1953131161959054	-0.6148444933698721	-0.23124440664295953	-0.4141829305993654	-2.852319502991123	-0.49662965578701623	0.20247936911708986	-0.311740512796999	-0.09826808747363547	-0.17556981087936885	0.46592186584416373	0.07461588604804081	-0.30236077839521713	-0.2815841909230969	-0.3694742402531461	-0.5298252836646427	-1.4482385266857707	-0.6715745074197799	0.12933509786855274	-0.46922294297643885	0.2106132628402465	-0.18871209508394216	0.25827270002892244	0.40496892897013104	-0.11481624620218683	-0.8303352243955417	-0.3411379634181614	0.16570883628473743	-1.49344537274483	-0.5201836782319109	-0.45442235555717936	0.36064082442011025	0.2977059137129541	0.17855980288229567	-0.2767442965207104	-0.1748992217321601	-0.3086546134865513	0.18585709267508355	-0.08274102873644695	0.29055772505028016
D738F5D435	32	-0.7404459385653002	-0.04622534276169521	-0.5730343170079678	0.7905839564062662	0.644370655129006	-0.8455882682127306	-0.0007666035868295062	0.009041127825802367	0.08520831953379115	0.4887271076011339	-0.008762791175410234	-1.3278398174353767	-0.038828110000788896	0.4873878759583562	0.40661279407405804	0.025063070910662733	0.5803631428080526	-1.1936998352402624	-0.02205947372785752	0.11267962384640295	0.11479619229053428	0.1708440155512606	-0.2879326954901349	-1.3608405834107167	-1.6257966875520689	0.35392590344394037	-0.46528191907555394	-0.14967882524923914	0.29520352381478365	-0.022902482672488067	0.7902770543922744	0.1730307501366426	-0.7330503444603819	-0.18682122166834836	0.27871014879443523	-1.0629688471234024	-0.7070106107457039	-0.3418821003158452	-0.2050805740050396	-0.22056996579906205	0.40262857032174193	-0.8024431987825443	0.21442455360136714	0.25992188860156107	-0.03449029589980773	-0.15469834234089597	-0.06204569351563516	-0.04527598679998901	-0.2232970279926123	0.18741927622355048	-1.2349102610898433	0.13835393606341784	0.4569508279115625	0.19940841326097036	0.34203664764710484	-0.7083205144490896	-1.1718434445979182	0.11707591594528877	-0.03721377950872817	-0.08771795248925945
D738F5D435	33	-0.6370265515789149	-0.6809479105055527	-0.0832362216879039	0.5151064516821517	0.5030792885023541	-0.5005045034158377	-0.380130438716105	-0.16237279098700336	0.342765298042015	0.34942734243370044	-0.11353908263410983	-0.40087573733430215	-0.15947640384112216	-0.018462853607827512	0.42714617435610314	0.10186080182064383	0.30047035345398526	-0.38912597580788955	0.1010711898529235	-0.6527377374794097	0.09060665279966451	0.029578643706774432	-0.7253907535230675	-0.0945833156694511	-1.5648178137179332	-0.17248731387961724	0.5884130715876401	-0.49496204759420226	-0.5267795810362296	-0.2123178270357925	0.6505189750296176	-0.18095417508976697	0.01812007571555707	-0.14562559755700774	-0.07741773655012896	0.00803240247975312	-1.180964022839976	0.16612373772945688	0.4928578970960954	-0.061409575352343204	0.19465550089657724	-0.2347983273852251	-0.0004425640755907345	0.2766908185416588	-0.022212257133220392	-0.100008231205449	-0.16166158023830224	-0.03929297639733531	-0.42989821433382613	-0.34280467663980296	0.06373404159099216	0.11544262103095027	0.0641970074622027	0.1348829157664213	0.3643644848948965	-0.7857530752722153	-0.06228233019729901	0.27452465595702025	-0.22389366504040495	-0.0005742539260001067
D738F5D435	34	-0.6100715984350669	0.020297322393325823	0.24985425245586912	0.8173629734819741	0.5898429110666448	-0.26343615509527707	-0.09908280124196969	-0.1145047456409905	0.2671209990994163	0.39453021544845646	-0.19200361076746542	-0.8948496386365885	-0.012783244105761371	-0.09263410953706819	0.18694500986449736	0.17726938137346915	0.09303495806149738	-0.6590738927132297	-0.14924815742802514	-0.2910678157531641	0.35021242068640124	0.03146005775812244	-0.8676602817054544	-0.7690066274849106	-2.4187183271053234	-0.872406646045651	-0.12726942186455514	-0.6340745486599906	-0.25255429948479413	-0.2156562611720394	0.5789818274788965	0.06368691376934033	-0.3318709408012437	-0.017848362034121268	0.30785622132143065	-0.42598283825614813	-1.2284394955505546	0.04175840722514168	0.5231281038347378	-0.19375866946600187	0.23943248214696478	-0.3929514206801151	0.2555192908167768	0.2553658816712421	0.07310735264436646	-0.16481522569485063	-0.3127850918508671	-0.023724434625610358	-1.1351207546526048	-0.9503449620044306	-0.8773918306261037	0.06708603329175344	0.23350750963366518	0.05955375636758187	0.5694343001334101	-0.9361758584281454	-0.6590836613232485	0.07644522864128778	-0.14027119562930798	0.0749907347465451
D738F5D435	35	-0.5317951759112012	-0.900890826851598	-0.3554138443369995	0.5646587620639933	0.5961545537881617	-0.46753771999123533	-0.08552381541684032	-0.02796265309384499	0.07566920478212336	0.44518921031550773	-0.30751220462240925	-0.9494881156564325	0.11930343013840006	0.0689749369096353	0.07871467929179143	0.24559337811866322	0.28585148165587926	-0.7035854451728303	-0.3326732777848528	-0.34483891101680264	0.31553090353833646	-0.6488096070544271	-1.6829067292251783	-1.1768986636440262	-2.302901020564872	-1.8946759901069752	-0.7830541837780749	-0.37438901024517457	-0.09887195039889629	-0.15640120409470237	0.8087720515218038	0.10590249803743257	-0.3201962656531052	-0.5002718213851023	-0.36671497007951603	-0.7737683572429941	-0.9264321883172169	-0.24036997233905183	0.2824829177918018	-0.21619501146236797	0.22731893145035337	-0.387405367489155	0.2078970145792146	0.6038512495418069	-0.08215432061380984	0.04586912755962369	-0.25920663644298625	-0.11102678115543313	-1.0344270379743143	-2.0713795568682505	-1.4599455168707673	0.4101686318318744	0.5981687475156814	0.33918583077125897	0.09387760093791409	-1.361166380823611	-0.9474974606889464	0.12753689098943766	-0.0056915679617229875	-0.04492627517938147
D738F5D435	36	-0.4481783001865858	-0.36778538853426546	0.04604955441300773	0.7702926723038304	0.7228223596481195	-0.46943666742202517	0.0237700967236964	-0.04703710242610751	-0.13227205534127873	0.7884715508088403	-0.666255892896535	-1.0178827004235105	0.13692243097291656	0.19836852250656234	0.06918126675762415	0.1253732663212891	0.46254608047159973	-0.6991049051570658	-0.06964288813362945	-0.5540347930627152	0.428601148636397	0.18782865956471073	-1.5284037251069504	-0.9688224617089543	-2.160371905994079	-1.3754430133287492	-0.4225693011914886	-0.3998099404499438	0.25572469737023584	0.037644304127740114	0.9389131113721341	-0.430806735712118	-0.514882265677106	0.09158496151969936	-0.31605000712730535	-0.6405889977139063	-0.8853731192857193	-0.3525952515885905	0.15465685234190113	-0.07450563143710426	0.3781061025189214	-0.3345779753221476	0.3360259565766317	0.4940004767302214	0.13561664592576128	-0.01925959864890725	-0.46428455178268235	0.10903997362630902	-0.9638011514564866	-1.5490483415773995	-1.0294540688894165	0.5298510468810057	0.5143648259871887	0.3861314153873796	0.7075868468142081	-1.5702570853664475	-0.8478358848810565	0.11368603224726725	-0.11212248750104112	0.15244170715606414
D738F5D435	37	-0.2352520336243331	-0.13932716496340314	-0.15476039568116673	1.5246616317352712	0.6595466067788229	-1.0498240851101421	0.01900026561142376	-0.02721148545748088	0.0003878251884462669	1.52475366206358	-0.16813560003286443	-1.404882313891494	0.1260320080880385	0.45159163779516864	0.3185375246506541	0.8677194677445655	0.4293678213555594	-1.246145866400206	0.19468549117343464	-0.1843515082314282	0.038640742966172925	0.31133747695881686	-1.100872995922391	-1.3252231495878846	-2.010867835747284	-1.0113017539040101	-0.5966994538406691	-0.24889033229859958	-0.015320625942067623	0.0762169523092695	1.8480593928136333	0.0584772701284344	-0.8687858288877118	0.19396900309355208	0.07019722166033393	-1.0072113212725122	-0.6278839393696858	0.20834187340835641	0.12308171337617266	0.05202696555877495	0.34981218574346684	-0.5937326066507577	0.6112928694004711	0.626775792797609	-0.20360278448195362	-0.036361255069124465	-0.013407917371430544	0.017021192304944477	-0.6160598701124618	-1.2379414512781852	-1.3384113467018288	0.24641283523095953	0.7378720289349764	0.22443223209105345	1.2381999781625643	-0.9639744337182403	-1.1747402293341687	0.8691332042438409	-0.0861586706651094	-0.3017427808881601
D738F5D435	38	-1.7135040777114505	-0.46986976543269177	0.4106493571021994	0.7440452687976424	0.4671112096605543	-0.2503966540195005	-0.15618053253260294	-0.04655203200920588	-0.14445684423140337	0.416401830705623	-0.28584854606480303	-0.4264395268810306	-0.11794245948815385	-0.04722356772726721	0.18937231739686844	0.009462314371447178	0.2509981488886311	-0.48375610021977145	-0.10858476510234838	-0.3914985893263836	0.6862398915081294	-0.8341479725187041	-1.2447040939905754	-0.4161179693978183	-3.4771776257107416	-1.3204070287012706	0.09349887812760205	-0.4480250169981861	-0.31946517820702514	0.1754725194665262	0.6381557573208534	-0.1945231661506711	0.09579519674626091	-0.33290703790784026	-0.09984190838879847	-0.14174029569687763	-1.4700630315027214	-1.0140011983807218	0.2550945491809859	-0.14424012760229712	0.16027556797730666	-0.02272131713595682	0.05809423085759513	0.2863370965546759	-0.05596269897153011	-0.7341568647472585	-0.4939011078734503	0.49112453009435186	-2.1893443496511016	-1.3424344215292527	-0.5580236537540952	0.21057342879223556	0.17389843049923703	0.1713107586832927	0.48658392150944557	-0.9629917919814708	-0.07552824391218982	0.33453843226214786	-0.1616513495446541	0.280505232124973
D738F5D435	39	-0.502100580805517	-0.3890030081649227	-0.6748590641949069	0.48656312727583506	0.7919048681114503	-0.6035263776870399	0.08052356333439598	0.0016916314194051901	0.12467257561016365	0.7186921378288336	-0.3965171493960291	-1.3623121404162641	0.1758274133809642	0.15781410951723207	0.18588983753604715	0.2885602863149713	0.48861268570232275	-0.8871410416635305	-0.06032342352022241	-0.19227996146089898	0.027216575458910763	-0.36674542165245677	-1.5996538664237792	-1.627603773739076	-2.0462941352469626	-1.3693754426812947	-1.1457705139116818	-0.16986853980139371	0.19293677012526733	-0.1834822843969398	0.4596301443546551	-0.2534169843925095	-0.9235627871426945	-0.17281479765200564	-0.37819649929788524	-1.0991997133325313	-0.7489818119140741	0.1799634616919813	0.062100629659944145	-0.28430557887957586	0.5128847082793623	-0.620583538715986	0.3183570287007569	0.5673207971282229	0.07141117287867743	-0.21038411770684773	0.07310181012550676	-0.0863535258277357	-0.7694535116937846	-1.5507497822046936	-1.7814838794775087	0.4249529110108783	0.5842764832323627	0.5410351057759423	0.5304347114030995	-1.3601234825576687	-1.2774010815498948	0.006364522367593217	-0.002501002313228695	-0.011880569663318769
D738F5D435	40	-1.0420438067103701	-0.14902891695121157	-0.3192398159014034	0.6201458486312219	0.8856792999886062	-0.311780691340716	-0.0328064790950498	-0.1540741313224915	0.16308801433060105	0.442456083538296	-0.1885170383747199	-1.1064595916819573	-0.006006890983617952	0.033002815879049185	0.1815421850942065	-0.07217705093683113	0.19399573419601918	-0.9229204850103871	-0.00027469705073038253	-0.3674113055569326	0.016311805694592563	-0.30231216718410664	-1.0616747273149252	-1.0617404198297866	-2.576373823598484	-0.9625542088975068	-0.602910449937758	-0.4871826494833509	-0.02313344905489212	-0.25440916571549865	0.5994125662675358	-0.053489183376457916	-0.4850317299730915	-0.21418334138755915	0.09069020407240846	-0.8151334373309342	-1.3435095171176623	-0.1881483241567048	-0.08289424438331672	-0.15939754412493143	0.26012302475219773	-0.3764978274468671	0.4456628848953572	0.4126324830985406	-0.09758257739136528	-0.3229522859458167	-0.03862893914207488	-0.058985369698724366	-1.3741095560439773	-1.0366337456747656	-1.1796579749959464	0.37651526178787875	0.22432156390958635	0.08593631243494149	0.4672707066216174	-0.9990659666211319	-0.863750097570837	0.027121090696933026	-0.09542736448097255	0.15543780647677385
D738F5D435	41	-0.718970039640392	-0.000730564761635355	-0.06943725558423708	0.1518526443500583	0.2576455041625829	-0.38401010338465835	-0.0712507266488342	-0.19811762022273338	0.1089518953407822	0.6815880115029112	-0.12090453443479099	-0.9262752924466924	0.10839039035873277	-0.0008976950985699617	0.11834001797210236	0.09502580038811426	0.21132487651975013	-0.6864199768483085	0.02332087519689366	-0.23426472822489885	0.2532704240191499	-7.6737873652033e-05	-1.1246429863407026	-1.0596105995796161	-2.5089822219477984	-0.9572810699177983	-0.483668163222545	-0.26342133783173916	-0.00700571420376106	-0.1399970216002877	0.5801389529560455	-0.11097545815197818	-0.4923808315238575	-0.104229440479887	0.09544233399115831	-0.6444560055725252	-1.2810988223110709	-0.4874710978828591	-0.08972458588487668	-0.19443691399273466	0.42523156561951186	-0.5455782404011582	0.127427178491494	0.2600769644954142	0.047115541068877664	-0.24961930993741355	-0.16389525278887096	-0.10883710653293788	-1.184914805019386	-1.1296233811847158	-1.1477933129017777	0.24485812187602957	0.3769663837976529	0.520077038647147	0.527346478810438	-0.9624788604655998	-0.7561778791044591	0.014666807002260196	-0.09359892955343513	0.023820874474445808
D738F5D435	42	-0.9802032099291826	0.03916044902854998	0.3911150819435949	0.9598905282683514	0.7472318003967279	-0.49553756825900336	-0.015918359604924437	-0.11203534067672627	0.046793509243754805	0.7159242213935832	-0.3223760619832545	-0.7471693101826984	-0.08975803504385926	0.16177694117595776	0.2921812469640088	0.09092264524114668	0.44285889097747566	-0.613665014220319	0.08219339706154931	-0.3286807483858454	0.5034059899095991	0.09872344043126657	-1.1509798467332892	-0.7226665821326224	-2.777827910670644	-0.9100809172264204	0.021124699568744187	-0.5888102535122157	0.12740889390364685	-0.056952703297803775	0.8944184213020077	-0.11998659694641467	-0.23400714565031566	-0.07472988697256727	-0.1143715361183093	-0.41051387648779203	-1.3606410371635786	-0.7567867585197003	-0.01158122039329175	-0.03761381681450793	0.16069032046353993	-0.29183172778362954	0.239070513552758	0.2904709123768867	-0.15687496955468833	-0.5301233280669213	-0.3419520509834686	0.15897326033495351	-1.3000711435237888	-1.1973097083533069	-0.7586053849647207	0.1581800212695088	0.279458412747724	0.1775343298084895	0.678913909180172	-1.1678619489185844	-0.5216333873837997	0.26700791141846625	-0.21829139120216903	0.16885207690064302
D738F5D435	43	-0.2917840758019765	0.04020603291643288	0.12968640540819298	1.3963763517996757	0.934956929043901	-0.7382523842663143	-0.0633648586265726	-0.0033647623041412056	-0.04548417849544417	1.4056412642960872	-0.6602657594084766	-1.0384489726597352	0.09215170022660668	0.9244354325604174	0.6864057556056993	0.7162545854041806	0.45387352706975115	-0.7947165469567607	0.3365470616871117	-0.5465469612676923	0.24280980385185447	0.5942561647848941	-1.1875853928147095	-0.9948262295332995	-1.677723887979238	-0.7179343609588087	-0.21641305821280055	-0.13803975666380608	0.38456378569994903	0.0031226811814858424	1.7726415323860911	-0.3799132937369132	-0.49954689585842305	0.36686172677558365	-0.2423338014840588	-0.6762784370993651	-0.939807261922835	-0.1785381632948	0.2531846392706673	-0.027928650838819014	0.3196178701873003	-0.4859843561554612	0.5032345154631582	0.9427306839783156	-0.057870722520235784	0.03227698477456986	-0.2335384909570033	0.13417440618997856	-0.40322157414763393	-1.0384521191689204	-0.9743340874014859	0.11699531935617591	1.1505681370849885	0.5005125648641675	1.2462355466168797	-1.5066419514665061	-0.8535397976473287	0.6952692019769456	-0.26171332398283487	-0.17145180168988214
D738F5D435	44	-0.14720374369050115	0.08484000711469863	-0.3109279794366304	1.0357602004119535	0.9300726136037876	-0.8229917925500511	0.0675952116177983	-0.09810319496879469	-0.024516948942689853	0.8593684840365948	-0.33131053889013407	-1.3640405207345427	-0.12629021341968394	0.46705570635237936	0.513014160761242	0.466013708806445	0.41214744616798404	-1.073749035345613	0.19008159430906674	-0.304212796227904	0.08981696657004634	0.3678699216694541	-0.5211426049535675	-0.975379529048003	-1.3120681026970873	-0.32422962104340103	-0.3626007549573931	-0.10763099625596051	0.32300180005090046	-0.22820357600912644	1.0568303475868628	-0.17428033727144343	-0.8943364671302857	0.032627076870712146	0.2795897612292757	-0.8751413376435577	-0.41233408020493867	-0.18973249933772174	-0.10754856230060864	-0.023530489006428734	0.060071667669659594	-0.41783923715359894	0.337374522946742	0.5967094951563742	-0.3122452586914975	-0.01096973932966716	-0.028643878598582972	-0.059635483542407774	-0.25006489612848215	-0.4367998852988828	-0.9647024396286479	0.20627880659849251	0.6045416849022471	0.3105294793561395	0.9846118317432934	-0.7581552723738882	-0.937431534729321	0.2717053219813148	0.14039570000326018	-0.04149249975296626
D738F5D435	45	-0.9139778913537009	-0.13922643204728513	-0.045687750537422245	0.7186315449237966	0.8510311516984479	-0.5075141574492887	-0.015426965859481306	-0.08773755216622053	-0.03688255679168195	0.4171012623823265	-0.2684935927133032	-0.9385752864488615	0.23916792133793996	0.26801461397137727	0.20277658186109537	0.011763554669711906	0.44056407361493943	-0.7696569917348715	-0.03513818213273631	-0.40052228981951776	0.28281455126315225	-0.10061294492837092	-0.9916023357911472	-0.9002709723486588	-2.526857024948993	-1.0966518642709684	-0.4623669665151837	-0.4192417831793427	0.050515987338086266	-0.21774282387697752	0.5787233031279271	-0.057216830421996545	-0.38530841081083855	-0.07270410636526187	0.1438053893214526	-0.5956936363285359	-0.8944921933263443	-0.451856276799877	-0.09552588236822618	-0.16974987308963294	0.1428384657977468	-0.4488484468780819	0.18538545470965717	0.6822106328487739	-0.04466256580399014	-0.1310972861245362	-0.08961051708395107	0.1888736200043133	-1.389301622916908	-1.0654455401677998	-1.007758743012611	0.28306987222366914	0.7611050588657817	0.4781964527024358	0.5549367005309365	-1.0191542926442183	-0.6839356178880915	0.13264466382966145	-0.030297709515197557	0.08547648291678606
D738F5D435	46	-1.3414603295823895	-0.82879464992043	-0.3232029875088749	0.3583528313710864	0.690144911357212	-0.5568955290575611	0.008832504822769566	0.0025398331155736253	-0.03416939030819588	0.4832888082568054	-0.763864769922075	-1.165310960735974	-0.08354874244073907	0.6410509647485814	0.17470789208971027	0.11280406686808919	0.462854230691475	-0.7638575441037376	-0.06645105601056706	-0.675226315939478	0.3595412440379786	-0.46539950503291366	-2.0441818640520486	-1.2316436723658506	-3.04516513282395	-1.8517441009733995	-0.8675072477432746	-0.18744996439788775	0.19103473881151434	-0.15586209759499048	0.78807108919674	-0.3063923397963827	-0.5098102302229878	-0.122650020325197	-0.6273643471856263	-0.8104570275747958	-1.2776745768440416	-0.6008987140791608	-0.41623117545901955	-0.20751649202235029	0.4335164618991008	-0.556304344254426	0.0063041512370285435	0.7418723324960013	0.13930718328045916	-0.42842346776793183	-0.3447191210223369	-0.09624465528316889	-1.822163138221016	-2.0794412176357797	-1.3596076021065242	0.6578751829439846	0.8635814847499999	0.47949523759730295	0.5137490028758619	-1.8206849704202113	-1.0050945968440086	0.21444886245083938	-0.10769079373114482	0.16010683330915726
D738F5D435	47	-1.3276815139539635	-0.5196458422371408	-0.3957464559468572	1.0673614798993298	0.7262169988799244	-0.3689903717984388	-0.07395284485672665	-0.11546675474675816	0.02881729898367058	0.7382958099714118	-0.4402751339660964	-1.153970659556428	0.020024967500186897	0.08661066948963492	0.14722462983172835	0.24285442136958546	0.1845308017938576	-0.8751287719853797	-0.004669601667583206	-0.24799599298949593	0.23878449521452194	-0.44943508894350126	-1.6567910948229707	-1.4181282238319584	-3.090969824641097	-1.5244522070458189	-0.8343614845649879	-0.354781875501889	-0.09866329092828807	-0.2981628939079888	1.1711820200746752	-0.0707253106300928	-0.44722668644410435	-0.12451365510336457	-0.22148133106973278	-0.9326340844566638	-1.5515634016397684	-0.06752282226842832	0.03965379542143513	-0.4265243434625846	0.29137755832520174	-0.42523208940367596	0.4654457686930391	0.6120208371492332	0.1685308216102422	-0.24689766983089978	-0.1692572033705474	-0.061512008187931844	-1.7805956192296275	-1.6939553031016117	-1.524525526788531	0.4936706486317519	0.48594076538759656	0.030249960957984934	0.5780569650196263	-1.3769859682108399	-1.0818171865156596	0.4122796696307447	-0.21479555219459037	0.09801654414587024
D738F5D435	48	-0.7220663782285126	-0.4317283276333468	0.3720606386782457	1.2292935266573246	0.822143739341129	-0.39137421491499585	-0.24054719915926004	-0.19074581522370868	-0.04817375860566242	0.8370169677299102	-0.2596724698785591	-0.32000738675871276	-0.35514944856459896	0.14926529941301192	0.30334007280998043	0.21338567189586133	0.42168227970255356	-0.46821524897089617	0.13310641281145694	-0.6810224267613498	0.4036150175630806	0.015774828628603688	-1.2054257490033082	-0.2650012413042422	-2.3676446602562056	-1.0993006054535077	0.23464320177032705	-0.6810484460875108	-0.2939812262946687	0.07466030754738118	1.1952612567520475	-0.20550804358556451	0.00828754827325806	-0.13156433913591786	-0.10158639681702941	-0.021697726432479136	-1.3501660906201483	0.11158733970327839	1.1018263723086161	-0.11381399139849085	0.1023535801573427	-0.16259770724657097	0.49311501201964614	0.6568128610646169	-0.032076763153725374	-0.3775156267011017	-0.19908253312553792	0.6685121318142142	-0.9846311938861461	-1.2646582085571882	-0.47412481234220705	0.5996308730574285	0.4175028466888533	0.1443585378787824	0.6373753987400027	-1.1834738582279396	-0.09767257524358008	0.5582080689345101	-0.16085032515222294	0.12191292783607272
D738F5D435	49	-0.9347432624253365	-0.9249627949299091	-0.6635694250929044	0.8266143972051803	0.9902161592776947	-0.6007381348071342	0.0892892673170761	0.0486180545081999	-0.06343245276808329	1.1689114636814641	-0.7317804381567926	-1.3976404379947227	-0.08709286552228324	1.2226272694502311	0.7321668167083746	0.12708658577599563	0.4033038853110863	-1.11187011222214	0.07915713481557288	-0.6390811236681897	0.15550691111594506	-0.28578085334772624	-2.057325188760595	-1.597481170315286	-2.6326386708590075	-1.9476276925693563	-1.1360320816198624	-0.15906301847217752	0.6716767168016494	0.002723700117290173	1.1219198241036246	-0.5853072824253012	-0.8836536529928005	-0.043379747710054206	-0.6236818159345416	-1.1477294610884217	-0.7251716165223967	-0.47108946204134905	-0.23720131541116418	-0.13364305146432917	0.6037887171729222	-0.6127300448484112	0.2901828872659742	0.8400782448147387	-0.06266200603981026	-0.154382319770497	-0.18435726692495513	0.007756134526584746	-1.5266011345371364	-2.1116261984902556	-1.7214955329985886	0.19499078345456605	0.9514521024248942	0.6055025699606609	0.9335300904009902	-1.78647661362613	-1.2532704453634484	0.21465840724503638	-0.10239039237373904	0.07820022720179598
D738F5D435	50	-1.2033110862789576	-0.4012959309254669	1.1139861565105786	0.5458926805413347	0.17824846938294725	0.05737648274696017	-0.07148829982733027	-0.5628303181051049	0.2046666014998984	0.3706402889465148	-0.26409481726306416	0.07978442827247978	-0.6125117769536741	0.19430773698975834	0.5991011390812682	0.0071712512218580216	0.005182546590775536	-0.062279844179369936	-0.265270922375093	-0.7399124126214623	1.1843167884816606	-0.33956209769912005	-1.1089321773104794	0.3025581574435603	-2.856459260505548	-1.2249496798572483	0.815399834300601	-0.8231097578930724	0.07764335839296099	0.0819241729632062	0.7036710616266089	-0.3909656657301992	0.3644001934798964	-0.039211889017192636	-0.18199695544465788	0.3847709911080952	-1.5081823382776913	-1.0205328726457368	0.043732340912761486	-0.23775488597283417	-0.06572442265115434	0.09338449002702331	0.05109173911333276	0.05001554532767227	-0.0037765336652467174	-0.37849865917293624	-1.0352395859006955	0.3881636642296472	-1.5872907757975412	-1.3103087573581103	0.2063727144319074	-0.07980772000212333	0.06918536234770878	0.1478809168910571	0.24545073393605943	-1.0126430857938131	0.31179272635926925	0.25081625774533634	-0.5961123404760338	0.6439094265657195
D738F5D435	51	-1.6710472351527996	-0.7102092441201466	0.19444932825523553	0.1821635759831366	0.02185162202525981	-0.024857100317017156	-0.2168505767570884	-0.22275136956123465	0.13010558716939125	0.10496072532415446	-0.4860827430591481	-0.32876723229862037	-0.2771163141405383	0.012990143720364333	0.34978666347160536	0.030801836348441913	0.09243040256984432	-0.19834923906562318	-0.10627783856352202	-0.6057893941073442	0.785107507893694	-0.9849022421556095	-1.6974387056004634	-0.7029850941804547	-3.457161778633333	-1.6969633025195368	-0.22102574152382148	-0.7333135460107525	-0.4313984248535506	-0.31365756154609326	0.05572045283957383	-0.1996918855163723	0.16418466804269327	-0.39489703150601946	-0.377095525905768	-0.27102967777012976	-1.9860043067758166	-0.6830419952011924	0.2737658721662415	-0.3890646426545612	0.04382119288932812	-0.10267797665325562	0.18121499150958442	-0.01687262437210335	0.015373911094549608	-0.6014550634507406	-0.5918354584781913	0.3291325617779781	-2.1273838609669387	-1.8562257171698473	-0.898822755871252	0.20393570859303278	0.06753243145089094	0.05467727544927348	0.2875142019880086	-1.3150490307087426	-0.3338851045125335	0.02865918968176051	-0.48152200462027517	0.4923712740801328
D738F5D435	52	-0.9103882143704654	0.03660703197294901	1.2841474436591478	0.8600028532616459	0.05071329778275724	-0.26115645583320607	-0.17920233028226984	-0.6964097615455358	0.04986326884806691	0.9021909843639244	-0.28286285571043845	0.22703245585466147	-0.710118471307549	0.197574462159388	0.7095868480321963	0.3935829815823959	0.016772034333088534	-0.14515927117963234	-0.1358431697118652	-0.8080509315592677	1.0684082985555559	0.2614794577668891	-0.6814871258906292	0.46980465222801326	-1.440816774959094	0.12494839662112422	1.5720154388053225	-0.9860638322631995	-0.190298044331343	0.2810651106489311	1.3779848499044705	-0.36086649928733183	0.5221001247992438	-0.2671525606380445	-0.12929063447853006	0.2901195034372037	-1.746249240188164	-1.161363370059472	0.5749113435397382	-0.22071448370200233	-0.16644871230823893	0.10514656307623982	0.03162379926914305	0.18231925480377575	-0.10982263485549887	-0.6625057039618929	-0.8930734355517932	0.8261805776109175	-0.2997629595194218	-0.2858518683529323	0.7027787674896739	-0.0873608353924209	0.3285131263913874	0.4197685785900498	0.5013132173071904	-1.0915201104628902	0.4156934495969633	0.5634698793232452	-0.8256410281113855	0.3483282240704535
D738F5D435	53	-0.3716300195244189	-0.18453917796678665	0.3030370267276592	0.7043228740076406	0.3743505553764529	-0.40208538520693676	-0.012726367435160701	-0.18776498300704347	0.04753538805888369	1.0803885736117476	-0.7246197472703945	-0.7061229007562113	-0.22217832295383	-0.031216972315835312	0.17054447600209865	0.24127115661265275	0.2672233047879261	-0.42066021712730883	0.22575873097128088	-0.4070352719565782	0.14661392605925694	0.36581259328887716	-1.3837180803401967	-0.5396552474393945	-1.9083588724034364	-0.9923435211344631	0.02462535506162844	-0.188264903975776	-0.09183886018996579	0.026348958965638936	1.1464941635171435	-0.553032932045838	-0.2792180057886795	0.22296813560549605	-0.2824562458952611	-0.15518468184393774	-0.8327698866427513	-0.19521428109510797	0.06533610008808938	-0.10996539937557132	0.14168924837423394	-0.18733027433797822	0.1049497918100224	-0.0018700765875907521	0.05375783760820052	-0.24865136853719316	0.03466952749340302	0.015691914147285435	-0.6302662270682426	-1.2630115887160773	-0.5876133558434504	0.2565507394202767	0.021124244223325928	0.18183746909079268	1.0080870516033478	-1.538445623809822	-0.44506836128356486	0.20651934068910038	-0.4280382315791583	0.23340380123593624
D738F5D435	54	-0.1349269852873023	0.0988722699439546	-0.6935612431180815	1.4522865405866963	0.6464612701031854	-0.5287785403630187	0.08429087427076953	-0.017778997318133136	0.0806003055287483	1.264080766936386	0.00855893696499277	-1.715347909261886	-0.07242440968196118	0.280248478119832	0.22529477157314037	0.5785140887185158	-0.26226946407993534	-1.3355573567721648	0.13937179603226024	0.01684340996908884	-0.27433860677775584	0.3485065689493556	-0.564390063415479	-1.483794733556896	-0.9716187460928829	-0.3659269879753144	-0.8324538462043903	-0.113440423281715	0.19842874977541858	-0.21299359467748957	1.4949997629598928	-0.38086058950058177	-1.1176259086973133	0.23892454350048137	0.4845901585796262	-1.26984873549846	-0.5582942000108699	0.34003227900840405	-0.09853696877016585	-0.10220788679103554	0.23156605542771222	-0.6170524525204464	0.6481932471543541	0.6839592476627276	0.20096638551611523	0.009076185404942372	0.04510724918283682	-0.3249319247760991	-0.14604480292817446	-0.5162927412183227	-1.5306133142598932	0.6269322471507585	0.49624755398725684	0.25974253442281126	1.0185185132112218	-0.7438212574362755	-1.4494558518564848	0.7778538850652947	-0.3006834331973346	-0.054102515360327647
D738F5D435	55	-0.0651612753297619	-0.414173717603892	-0.35064963942603555	0.8146803832049851	0.3707894210459093	-0.7977009498569924	0.05626513347426071	-0.023793537135575374	0.020305381510710818	0.6599904391477525	0.12167500732647385	-0.7845773677594805	0.05045998499140392	0.43041133590556335	0.21844122447195957	0.4430449979065898	0.5692203474965887	-0.6844240090953525	0.10099477575514454	-0.2836663523335914	0.17272307983150692	-0.6500356348519674	-1.2053894821826252	-1.1136606929208035	-1.6007401305317552	-1.3298146834577638	-0.7911230518741167	-0.24569340379394733	0.0915703810909918	-0.23535033333324717	0.8886353296152387	0.17067174159258824	-0.39886644651785785	-0.24158627118680498	-0.002932025180883091	-0.7448675448535549	-0.5925286012758721	0.10198557611545933	0.06442603889425966	0.0048535067158660405	0.30404759970847367	-0.19681332555331865	-0.15265290742882653	0.2839751182230168	-0.06857560769271592	0.040178273966016365	-0.12317796938808223	0.19083885139034162	-0.5480814754225214	-1.4211790763117038	-1.3584872782482917	-0.04705303421974527	0.5010891337875011	0.5533541489186571	0.29544563677031366	-0.841982496690985	-0.6863900400514709	0.4359402505129213	0.13565906631913544	0.14821721689344763
D738F5D435	56	-0.7965474339327745	-0.348178443511433	0.10420858497026075	1.1915726473359693	0.6066047687740295	-0.5843744214060305	0.05069044753219265	-0.03060110313888456	0.007912100942701672	1.1755965441757605	-0.4569491946040536	-0.9732459663628328	-0.2889275684747432	0.4703873703822956	0.2589427503696926	0.446591290001087	0.25893919759091355	-0.7909221331228549	0.07056979031480619	-0.438103190562922	0.37494854767953734	-0.021124436601978935	-1.459517155105515	-0.9389875751779717	-1.914813096041863	-1.0041290032823853	-0.07071163468647601	-0.23303992453721833	0.2377002897070738	0.07263230894683748	1.412440276339607	-0.3386003849824859	-0.49371214199560043	0.034474131360738014	-0.20916240051448431	-0.6160032251434444	-0.7810566453227592	-0.4183382460435682	-0.2066534830748628	-0.03965443569083049	0.4555236907278931	-0.35395463647622705	0.5211958491380114	0.43261046514178425	-0.006195559190160849	-0.08608413265736892	-0.2496236861854808	0.2338457451379361	-0.9183099631818119	-1.3910111310655013	-0.9321173742593261	0.3617856558083093	0.6885755119115794	0.26679681885407835	0.8493337721146818	-1.3970275522255093	-0.7949462948225763	0.5317452942576449	-0.1893549180307518	0.05941376861860037
D738F5D435	57	-0.3594940038101393	0.023347220961976722	-0.10354045432827941	1.2530343448263597	0.7758704839413386	-0.38057734107346297	0.009096970515612868	-0.0856925203594211	0.046439061549718774	1.0363785424950902	-0.5641756603508132	-0.9969132202914119	-0.11179260997160734	0.2135908781549758	0.09788629305449814	0.4239457875125775	0.44178997645327744	-0.6536908299077774	0.10290673656016766	-0.3455078233086788	0.26421209097093723	0.5376543581483124	-1.3164657150217787	-1.0930647699004334	-1.724362357478983	-0.8942074736577852	-0.6017218158595941	-0.29082402454145306	0.10792440427017524	0.023723258432138183	1.3520424541645542	-0.22205688424430503	-0.4542690917970519	0.256918254181604	-0.2196462053359325	-0.6617069127658881	-0.7861561355833688	-0.017211990979300595	0.04574788533453508	-0.03205322177198772	0.09409987925665628	-0.22688880911641007	0.38451358034503536	0.4206711573444516	-0.4153187126762508	-0.21600189714423634	-0.04723214512772489	0.043371796622935666	-0.4913508659609651	-1.1769490100752606	-1.2390944553751049	0.25081719903050714	0.3766391229711932	0.2548858713115334	0.7825985130315173	-1.503764722947769	-0.8691470858617871	0.49384488051922415	-0.07127941506309038	0.1224005644371936
D738F5D435	58	-0.39736901359827814	-0.6042848935941874	-0.016662381099845858	1.3575702717026208	0.45571051939383145	-0.5762239612179578	-0.03530707024860677	0.03937322551995945	-0.009372421485228988	0.7589840291519313	-0.31044590280776285	-0.5196334821331037	-0.10092036413264738	0.4453325713991111	0.3339606159011632	0.32260830502174176	0.46893334609054427	-0.5527691284845451	0.014089141556028278	-0.5566012091412622	0.6076997930519688	0.015793861742311344	-1.1765357645686247	-0.4583370015989474	-1.9000194002041437	-1.2116078920634128	-0.1483857352368585	-0.34191106656060466	0.0884702882344014	-0.042127844744248244	1.2002408556014226	0.0990250954419647	0.08646672710656267	-0.0723559379157675	-0.06476391076699617	-0.2314522507409993	-0.765148503148936	0.06151123646606138	0.29464566122514113	-0.06363555622427725	0.22436311516374158	-0.3263656539232507	0.40538516834423	0.4791566420277884	-0.028233642474585485	0.001889107830718495	-0.41723805871305875	0.2068615230776898	-0.9508444784205918	-1.2034424890646602	-0.5524651132728651	0.4330832734980301	0.5460304472211134	0.2484413331682267	0.5293473188090807	-1.1984370703395917	-0.2802813758371858	0.6932345178613677	-0.24359347327257727	0.3767129804355348
D738F5D435	59	-0.17107860125454732	0.025532135656914923	-0.613223114673857	1.0451391890311879	0.6851774339271719	-1.1024566668469618	-0.0031421450203542034	-0.007428311618539421	0.043564006282171275	1.184068688604305	-0.16254982035938603	-1.6470646784201564	0.141430017337426	0.34519363463772756	0.29414436657036225	0.38170322508434607	0.4764860698268276	-1.453975336891521	0.06364842221618289	0.033748229491029624	-0.06323154180588286	0.1446304064455326	-1.0417200716965862	-1.664446668901577	-1.6566598699890474	-0.8442675492739906	-0.9683423397900491	-0.15880568574779463	0.1996594840488991	-0.09445918177393131	1.1991078751506496	-0.19392223393325436	-1.2149885975545638	0.036872896827496116	0.13707076115441952	-1.3298687170481114	-0.25396506047469636	0.01114538942524812	0.07496001422315471	0.01982238952423776	0.09730208186154013	-0.861944034562199	0.44675556689469065	0.41239788609216965	-0.2789847866014313	-0.07362168478646203	0.12296414183622884	-0.23218919334842242	-0.3634095654433174	-1.0139202956861753	-1.721025242345498	0.29622202113835333	0.41437143214749883	0.43523166470367736	0.9486660045462841	-1.0519395966232963	-1.473512745733284	0.2826899759411854	0.16719468043991648	-0.3415841772771004
D738F5D435	60	-0.5595403758526885	0.08018567008885902	-0.28731726018178194	1.307095759900215	0.8721808199198069	-0.5293053621014143	0.0677972425342615	-0.012099945474320056	0.04299039476065425	1.2607924241441202	0.06690510972855224	-1.1640586726296454	-0.4576307800588677	0.2623631584734907	0.03353362549724892	0.5528887071417539	0.0445955625942734	-1.0703133231494721	0.06941512508724594	-0.06589249024041699	0.13784077335150025	0.2674672499466504	-0.23201233381223352	-0.9638804666613086	-2.1062596400615843	-0.18564384329328432	-0.34130573969791933	-0.01740140861153061	0.2592932853022163	-0.028855315905379042	1.476121190279211	-0.35098099440547603	-0.8291890082152593	0.09466291650590114	0.061835351411955175	-0.8809834815465618	-0.7276856530955147	-0.1093162398305646	-0.029496843329871167	0.17874109100713942	0.05763543219737824	-0.2584141756767382	0.5566589588637277	0.6974174681092924	-0.10010956425547629	-0.014905954139438404	0.034117001782358214	-0.05966326002643407	-0.8537903774310027	-0.20730274069145427	-0.9953312937063312	0.5846572734127737	0.45285492581537523	-0.005501108946107003	0.9352832531400442	-0.45761699652504184	-0.8861768159786183	0.6120315107748495	-0.24519858305957748	-0.045075078924770695
D738F5D435	61	-0.25032468865580015	-0.10167684468243543	-0.1357896208833298	0.8768553127894358	0.5668373924073473	-1.025496537203197	0.07894362316738601	-0.004664701453887567	0.14549513004153636	1.3800614476606032	-0.4424013268085303	-1.1292923730630338	-0.3434966905909602	-0.09396327010730743	0.11904432235422902	0.6297153457338783	0.21836932839194712	-0.9097213594688528	0.1732422500068087	-0.3920890250053195	0.10470027365157686	0.36346465135266137	-1.2465189564461183	-1.0626646025684123	-0.31018944989199726	-0.6739456204630367	-0.39196162698555126	-0.04601896722694199	0.31800185427445493	-0.004666743096271797	1.45798642441711	-0.3093233786856415	-0.740960009667495	0.1600571035871991	-0.14481176165443643	-0.7387038660717886	-0.27062928626167704	0.05106679117287405	0.22303236707241136	-0.19397135970694698	0.2844732466052936	-0.31584234106212783	0.06314686123030833	0.3475059412323036	-0.270546250619142	-0.035207509722287034	-0.23877374499096105	0.010387291046341174	0.035658438277878624	-0.8828052979923902	-0.9729732471085519	0.029038180425450588	0.05516818580759475	0.131867752542137	1.1180280503835092	-1.342736013516863	-0.9106888926960552	0.44669409756483225	-0.13550274265975587	-0.09152433033827839
D738F5D435	62	-1.1274631700164932	0.17172226019708892	1.1940078135985213	0.7354794843440073	0.2187855178831134	-0.2542555720169964	-0.07968424622449069	-0.35079241976659115	-0.25553975504850723	0.36674599573330435	-0.2558801017630936	-0.047086118756766826	-0.27923439245974047	0.2917203008139526	0.4599877846266347	0.0714260795866497	0.13491862531523535	-0.23191748727745387	-0.14523322920304252	-0.7597026187411416	0.9588800399311688	-0.15469113990090544	-0.8763856177804494	0.1927569453446938	-2.809430076090943	-0.6341931526038875	0.912399101054999	-0.49449743123153533	-0.06843607156575304	-0.18015469810044438	0.7683529246154839	-0.10949492311778386	0.42001210593497484	-0.2022794449289233	0.08257528056356489	0.27973971342855064	-1.482567133884343	-1.169545019460322	-0.45999633593342937	-0.3220013769418733	0.04966526244580356	-0.12726315912712693	0.020603038983402877	0.18616805850010487	0.09776106895653419	-0.7263016734757278	-0.768633463579838	0.5300286520451167	-1.3396693271069555	-0.8588935651136422	0.1570102201624035	-0.0008071358809539353	0.40757383816291126	0.16967496318547615	0.420333115241136	-0.8747969916765777	0.30418835317813064	0.13552518562291338	-0.5825312537587578	0.6607410611157887
D738F5D435	63	-0.37758607681801104	-0.11677913799202999	0.09412172578596811	0.8384097146736595	0.7521061578021271	-0.5012514118851605	-0.05046863648596994	-0.08866132363851476	-0.11214027995441578	0.6718896285367657	-0.21460059030840806	-0.8264707820330444	-0.07804094080911528	0.2576486679736756	0.3078864310673117	0.055157439404563524	0.42493122039852516	-0.6715584250076932	-0.15762260620018045	-0.3210386148366866	0.13796594395710593	0.2975242522349326	-0.6479872333461962	-0.4923259970406111	-1.8686365176270263	-0.6897035443720809	-0.10523518400380971	-0.32170475065687	-0.049504708208937154	-0.2720280579594778	0.9398377497869197	-0.05316674287219758	-0.3469918094738901	0.13815682143950925	0.015667272254212383	-0.2857632793135496	-0.628109228799403	0.2672808146233001	0.4012825662833064	0.07654905702119924	0.24530767190059682	-0.45086486725460395	0.24799943568600025	0.47360588387138547	-0.12093496755695415	-0.12101580121581501	-0.22434338283304667	-0.21026542120236158	-1.009736721006156	-0.6904151783540224	-0.4852654572669888	0.2535631772987482	0.46682442298387805	0.29520875881859077	0.5806342990853339	-0.9374329109032735	-0.5663026376957352	0.199442936760162	-0.14054353185474067	0.21246569400304344
D738F5D435	64	-0.4386470552837509	-0.45428882094419154	-0.22367022894827726	0.9158730085938149	0.5671916383467435	-0.5616546783396456	-0.0320530300836559	-0.012250373360553152	0.042128090869293144	0.8784359370057879	-0.23272457354513243	-0.8682303050144313	-0.02850758461258962	0.5160172063705638	0.3139457296407091	0.4071423307773697	0.3650878462307601	-0.6873340491104893	-0.049563593717756566	-0.20870968625874542	0.44901670335053234	-0.2967147425183675	-1.3145162185773211	-1.0368987220859283	-2.203010908144498	-1.4466142506211865	-0.6691043648123483	-0.27537909671694694	0.25841639280800266	-0.06573387722594803	1.137244353580058	-0.08458650126738165	-0.3847877862324556	-0.06571512035076538	-0.056926521534316876	-0.5514005778838467	-0.8688169637284244	-0.1520744625245355	0.30605187420224145	-0.17449236732934625	0.11131116085909917	-0.26898027305732086	0.1348357784626718	0.4590686615597417	-0.031763533289727586	-0.01120053177170488	-0.10701872616102781	0.0242572371260531	-1.1055489796811415	-1.414605007848418	-1.234604030223998	0.24557891141674598	0.5678656184659374	0.5183577583453497	0.5834989216146005	-1.1020808426365019	-0.7412189476454432	0.2950707495368212	-0.11970353717531879	0.1599916499908443
D738F5D435	65	-0.9156336681732848	-0.4717003230968575	-0.4728298400556906	0.7294631323622829	0.565977002865617	-0.4099546630906994	0.08159193848878993	-0.09481777258031962	0.18468526710364563	0.6039102317590324	-0.22297312730765917	-1.272013242136475	-0.23064709080583157	0.11144615699867844	0.15709289355178524	0.2098223884471827	0.12918656275077067	-0.941961048399053	-0.047516565489473916	-0.21688737198519226	0.12859053020374045	-0.4512222860187712	-1.5280138770333724	-1.4892402231493926	-2.6473634625681006	-1.4906072696958654	-0.9480849811539883	-0.5209202267616406	0.06415480390913952	-0.19850835856275895	0.7061639378358902	-0.0773679541970771	-0.64280460449483	-0.10014953825753792	-0.19768494749710963	-1.041461926429913	-1.2650072437021063	-0.1271492271977569	-0.00795824983539499	-0.2413291057745494	0.27276890661819037	-0.36888646123634117	0.2977473391538722	0.32692649022968745	0.09588210123487295	-0.08746231318191877	-0.34216838252167636	-0.2013184253253904	-1.4672525836402086	-1.6058560058333955	-1.5826427016022477	0.2904426216867823	0.3491934685952083	-0.02128725194403902	0.3429348101548443	-1.3128818031019207	-1.2081883581645334	0.028181931181388675	-0.03404700949457401	0.1510823508670865
D738F5D435	66	-0.32624295108310264	-0.33603317353591144	0.11791743560714152	0.9736832205084494	0.8519925898843412	-0.5467346902147988	-0.1798891713976872	0.012635071222199049	0.18266167584757365	1.0028843666775644	-0.7073527442599337	-0.9668915079564087	-0.20924668633583732	0.004935499318043268	0.26714929147047717	0.33591834638213636	0.3004441070501451	-0.6745683619576996	0.07502351804433317	-0.5571367576759128	0.3315449212279191	0.350592091547999	-1.5346897296876632	-0.7647042765663201	-1.518111263881082	-1.0189129686277572	-0.10865163702857772	-0.3891277527496093	-0.2970552526624096	0.11017984788921331	1.1952634681695042	-0.36594120678859965	-0.4604556368827154	0.3230606446587965	-0.34426864332033613	-0.4219707411047873	-0.9491969116868166	0.32427513317097967	0.6044547921259557	-0.29122269483751057	0.3016400102454297	-0.29113849264643	0.2180975727594452	0.4231597082536832	-0.23001825924341773	-0.09952822350434143	-0.1282045322060329	0.14971079924228248	-0.3303770576528582	-1.317263386502267	-0.7965663579592375	0.23344276348621684	0.1114975613524063	0.0483025389336873	1.0267725033236008	-1.5152850405211775	-0.70669563922204	0.34506514904689056	-0.11380258081440839	0.07770729149480332
D738F5D435	67	-1.8599601342449175	-1.070697393237756	1.4524257081505108	0.1787862220698866	-0.029239935310996445	-0.03643154264573101	-0.7297721492757291	-0.7175523084101216	0.2869373435652175	-0.36895208280752034	-0.017652753302505042	-0.23271537861311753	-1.4518526764487005	-0.2545020655178385	0.8146852630951857	-0.017938161496794836	-0.2271615753560194	0.14739990311437734	-0.6936718914347823	-1.1002680967722567	0.9945418131727042	-0.9664020478354983	-0.6373900869222116	0.7221783519365128	-2.2599503407119546	0.41432699462344447	1.8309367563484862	-1.8152252616538125	-0.23933963858430107	0.3124857463595337	0.07073544616890004	-0.07513471630974367	0.062322379729195854	-0.4539911297456149	-0.8423199514611807	0.8094732125543431	-2.632362329373893	-1.1654276276137638	0.25943102876858815	-0.8660439433672659	-0.3950670811705869	-0.07139968670696029	-0.049649739088325484	-0.029394471385161713	-0.061987416451652455	-1.272753635659246	-1.12143209380737	0.5643717018471361	-1.4039726187531238	0.13517854386365658	1.0929802648048668	-0.10391874243214771	-0.1663667756174676	0.3932814683203507	-0.9856660545212289	-0.07862217715857245	0.3828897887429483	-0.053762215127182156	-0.5756429433110425	0.3101667729216828
D738F5D435	68	-0.561011579877114	-0.47898158179593664	0.2964096881650602	1.2440656816965405	0.32934371111382554	-0.03723877719179236	-0.09045262237128032	-0.11821382887178428	0.10542311474551325	0.9614051464388131	-0.4239311749215584	-0.557930464706432	-0.039870438364457805	0.11870666580700173	0.2576518694330423	0.22744911121558542	0.1630153717978884	-0.3835696373096855	-0.020775400030037583	-0.46551958765625323	0.5936545148131962	0.03559719632566072	-0.9163911082383258	-0.38309591164017	-1.916173065541921	-0.6658741837661699	0.4334457069329025	-0.32717442918150397	-0.18388243322144027	-0.03828234070776104	1.284637727355665	-0.3081472497178247	-0.017461803447994084	-0.0997655875622388	0.07493873872807022	-0.12862385650867125	-0.9697562234498476	-0.028779248733044716	0.48190858902378053	-0.19405203830615672	0.21575208367731302	-0.2415673269198617	0.3258275491650745	0.2084576395108504	-0.20729833678002635	0.1136023612569006	-0.2735041311322437	0.0893952661946027	-0.568344805483894	-0.8112590406954965	-0.24486083170752782	0.09984500362403481	0.09491790838663894	0.10123416433533627	0.7680987621587292	-1.0445427479858735	-0.35465286646811034	0.7103376454849503	-0.25249165600005175	0.10795483269833528
D738F5D435	69	-0.5258271716814995	0.08390080325783811	0.20586631156890545	1.1238067111748644	0.1795125856341554	-0.4306481856412114	-0.08335122357912228	-0.196816986373462	0.28936153378401436	0.6858253007006349	0.06582736774854481	-0.5565511045097797	-0.28703682561946364	0.3759586116279069	0.3159357976978774	0.3123249246973786	0.18775461019269707	-0.5305251241731503	0.04897705117341167	-0.30631348988956497	0.38854079360103455	0.033294204393203186	-0.6437871269519131	-0.5720383719365212	-2.0751487164239197	-0.620183983025048	-0.09345544810626394	-0.2573611492648724	0.21475208642466248	-0.20881476314911707	1.1584748573492516	-0.04600416452250222	-0.12217401152235374	-0.06322464386343385	0.2817154418010053	-0.31665309508184714	-0.6371487640493667	-0.30177219601019134	0.06446011411513664	-0.07174270838194835	0.04832413072975132	-0.2174467104722293	0.25882246550863186	0.23176660295345752	0.09813292009329039	-0.06648556337492884	-0.2620851118477334	0.22793043872970165	-0.8254012006827278	-0.6917976597053972	-0.7010936066333027	0.2736883405432787	0.021294982548482055	0.19236308164530636	0.5429233686170922	-0.637392946238311	-0.28983860642595083	0.581382254489127	-0.12952929617628853	0.09495761834186933
D738F5D435	70	-0.6160161885654172	-0.44000010621087515	-0.7207451596622177	1.209340379395955	0.7666838523199433	-0.687316901955791	0.05113011893804581	0.0207390311237836	0.09561758060260805	1.3130876818842185	-0.2877300800813789	-1.6542561480215567	-0.16878495505981506	0.6550746466702357	0.26083608968894856	0.44723309309957915	-0.07166013985776475	-1.3801789642072435	0.057368881720388926	-0.1557892890778787	-0.16309332574359903	-0.14050295546641467	-1.4210269814872598	-1.7869892729640455	-2.1357554080749965	-1.5355362278334574	-1.2839968502763919	-0.11688040673055777	0.491851073713379	-0.24873753980750934	1.4233431484218482	-0.47179672881527923	-1.0748159916912026	0.05338418668095096	-0.014774903595733857	-1.388139789779153	-0.4558556701790708	-0.03842811223461473	-0.34951370434414497	-0.2256364542088096	0.3539426938724408	-0.7359283521179243	0.5407225706404236	0.7493769887504812	0.21123490573918194	-0.07096358259196545	-0.10337649203444588	-0.20504879555948968	-1.1993076970387129	-1.485377701907829	-1.8510119990244904	0.47987439462161474	0.8787253014140618	0.351851273893506	1.085291936257931	-1.1476394757829824	-1.497151085017881	0.5787702500149972	-0.26876977491253073	-0.10024358520032274
D738F5D435	71	-0.07877016907849077	-0.44290029557222677	0.5132389312442813	1.1269675599343016	0.5548730892852234	-0.24334361948030148	-0.046454467841389624	-0.06178862640933756	0.04550909357074373	0.9079211478717807	-0.38895088080136975	-0.3059772977945885	-0.26749793746610184	0.22431118247858417	0.3632626207818552	0.24443854102853235	0.21925646660014864	-0.4487652783310847	0.2366159480765614	-0.8245004449879717	0.39596499220772774	0.25504314096363623	-1.3501926116325296	-0.30927427575336575	-1.6651154652185371	-1.1742316180810417	0.3036832522658768	-0.23142683117789664	-0.04339367418184292	-0.07917651997445074	1.115221973317412	-0.35684974400588243	0.09826490387252806	-0.04453574995610465	-0.25490453206636854	-0.05902465526028333	-0.6433391209201884	-0.33559026769236866	0.5370415931424714	-0.006371687528848147	0.11806014760512025	-0.2617130042460083	0.3485604901181314	0.3598534905177859	-0.09492305405343787	-0.1612429661722269	-0.32299134299557564	0.1564694489936167	-0.3970745185060145	-1.290202080187188	-0.3661938531761302	0.2253037293079756	0.2636317997359141	0.14246051981377605	0.5329956464976247	-1.3965235934410358	-0.15543399381559952	0.5491876515709161	-0.4387701511685775	0.34915591608254737
D738F5D435	72	-0.9130991891320628	0.21305209240174183	0.6021079097689517	0.701341811460011	0.2871999014864617	-0.39630590960814616	0.01664490619135789	-0.1410382228957628	0.18043347430463613	0.5254330463026995	-0.01158553031138787	-0.1930318591133806	-0.6494243958223175	0.10211260750686635	0.5557424217936802	0.2152284587889075	0.1686592366212037	-0.2705425912443513	-0.1906452096514973	-0.4281877476185689	0.7540617888197867	-0.1989616496033444	-0.42915394867258394	-0.13138264123684396	-1.8234879646884135	0.23190561368777862	0.8348760838089249	-0.7692503361670596	0.1757486983192882	0.18493783676915665	0.8456045219598067	-0.07363701911127485	0.12088934624956682	-0.29056260628340885	0.27535292154646474	-0.01884551626567177	-1.4389640016509138	-0.6473717411024213	0.20764439943063867	-0.09537380523705247	-0.07201476708504322	-0.06524881055161558	0.2519985446986943	0.010576330519408872	0.04471055199471052	-0.25911642512330757	-0.5142003301947078	0.2253447938136135	-0.6870414060537744	-0.099410514865927	0.03013425005721926	0.12109286885313408	-0.25131617295795783	0.06543940052134567	0.29645670406404223	-0.46195605689705843	0.22581854513621513	0.213856798942887	-0.41395841766291896	0.37314505324888203
D738F5D435	73	-0.6927637413207977	-0.20677149742493195	0.5595993143358073	0.41510314828287576	0.09855131006306916	-0.18780711719199072	-0.07580121794022507	-0.3613216030309427	0.09758258520871721	0.1905826475145922	-0.13089180228700492	-0.321769479129995	-0.43979715509072936	0.10663390141020801	0.3615436751856633	0.05613330328578492	0.12670857517914685	-0.3206672515482738	-0.11712907246535106	-0.4196410095736578	0.39652707501997875	-0.2158654874715359	-1.1309117298139513	-0.39532035558649037	-2.383496137479618	-1.0898639412536069	0.23602070891392812	-0.6611151291362283	-0.04115229292726086	0.17327090406192058	0.4108357013489379	-0.13090925483845162	0.15338924377625118	-0.13956252877565975	-0.09129063553271255	-0.126068659156221	-1.3395061093282177	-0.32300910477209466	0.5387975859429736	-0.3281194015400324	0.13193186982420313	-0.257368205177956	0.029873363281758047	0.08903944901569205	0.06541750193148604	-0.5276183578619305	-0.26435341304079796	0.30626613841491823	-0.9618480231740931	-1.2910997496947887	-0.5275907319257587	0.14112971396933716	-0.01412062831799954	-0.02369454943226401	0.1348071785782523	-1.0931411342346171	-0.19588064954036066	0.3129030570652864	-0.24265477075418718	0.24909732949664032
D738F5D435	74	-0.09380060225535347	0.09025813646443592	-0.1420458476796982	1.3549509996554332	0.7379494736537003	-0.9943518363043278	0.07729780759579358	-0.09054161204115008	0.16280493557529419	1.544371710149482	-0.3492311490457529	-1.2836029528411093	-0.41401492779952187	0.24796123892435307	0.14327156714664735	0.8044359211914872	0.5907033972398408	-1.1558272106330865	0.1592245060327363	-0.3900115982778858	0.1184386707416738	0.7787493713639853	-0.7725597560856179	-1.0204204616399766	-1.0650710585360814	-0.26264814348755205	-0.2312638192913754	-0.16117208093367363	0.3567367801784798	0.24131149814269381	1.7312002451157134	-0.17962449359752386	-0.8598622580655388	0.31353557172622465	-0.011293830961487616	-0.8582106741228057	-0.20429362586979183	0.027510389086010334	0.023814854988982365	0.17022709346446563	0.27149284269342394	-0.4999942977366447	0.5119297230585708	0.7205779675867292	-0.15741428209486136	-0.0617233981763442	-0.1021282464966694	-0.08113905279177552	-0.08827041716201522	-0.5685877204322489	-0.9630130612992911	0.5472417772092751	0.2936576868381169	-0.019444340453603326	1.3204313134528456	-1.122422429885837	-1.0156867380382733	0.7637702844877609	-0.12465927733054577	-0.22874693526549064
D738F5D435	75	-1.2033992313573765	-0.1830589189787324	1.2464664348829622	0.39794224064438355	0.25134745217488164	-0.2394249315510124	-0.32368168671023223	-0.49467098567309725	-0.055280952499470404	0.13098882506813414	-0.05318295059746769	-0.014302423918707952	-0.3824621710253404	-0.1529941356436304	0.5146658852923598	0.1112807317635639	0.11102819198359799	-0.08028500798331195	-0.18159846879161187	-0.9770640181969138	0.585351302483142	-0.3618864395394742	-1.0738525104535603	0.22341269263335706	-2.820155212514859	-0.9391558394138904	0.9596329906357697	-0.863944870379181	-0.661933389896226	-0.22626918783974204	0.5453862895431236	-0.12995523419358035	0.34668553690968107	-0.24007997358916708	-0.13820865377170222	0.37968887592693923	-2.064939970231615	-1.020513871618433	0.29553598363788236	-0.44910675541428013	0.07754509438427841	0.1741503223518912	0.18116156906551506	0.2555284884822002	-0.07354939682481515	-1.105298431369028	-0.5373078924704773	0.6169530453099037	-1.3780328335251983	-1.1284072804277052	0.21293594322559395	0.0978059936579263	0.13473931836698805	0.16627876262433894	-0.11129783768231738	-0.7540482553532608	0.32452921616852937	0.13780735268258026	-0.4727413381978599	0.12974961931229018
D738F5D435	76	-0.787587739326489	-0.3355435645579192	0.19057244521160954	0.7690826584460286	0.2938543784625496	0.013572032872236295	-0.13838252408744076	-0.11823012979002276	-0.05083128452943375	0.7127466712766412	-0.24320465946942393	-0.6148085920622413	-0.4544175506302026	-0.0928981530091646	0.31202006513783886	0.06519275962472637	0.01583459889643314	-0.12003127045368633	-0.13157698090245853	-0.32977460051356466	0.5514593344288126	-0.1488021188355798	-0.4182945834217362	-0.39569062334763627	-1.9660818399245503	-0.3348700301848462	0.39275340962041194	-0.7734515265408206	-0.25383503846177635	-0.01696979695666001	0.9421006424776266	-0.4116860321881314	-0.00965024782167756	0.01132582538398702	0.17540097122896192	-0.26828761622327746	-1.1889478018634425	-0.06478270072304004	0.3962903509668877	-0.3339351582684031	0.2474964353105844	-0.2557111795285535	0.23905325858367032	0.08685335238064695	0.06852756228720736	-0.012559360301309774	-0.28508756985663886	0.14200428453488834	-1.0619822312151714	-0.32281806737543395	-0.2779343573013162	0.183844238240086	0.14908456198782116	0.1838313215106897	0.5647123934826531	-0.5778428139735468	-0.31608958744864935	0.5370361078902207	-0.3247497534727775	0.15710308480041058
D738F5D435	77	-0.022062626799167706	-0.1624277530079241	-0.12257764652641367	1.5109614319835853	0.9105920845916575	-0.588633341514128	-0.019618069827421897	-0.04656436116044521	-0.06299517394034237	1.3753532307636689	-0.7556544209455032	-1.3910620942043797	0.05219251115110246	0.5739635804059471	0.2682371263069787	0.7252730410902133	0.18281384914475457	-0.940293510600219	0.32269417144002865	-0.537223103109419	0.1527168853886265	0.7064208153628999	-1.5472927770073104	-1.3032474296027077	-1.6344608099233753	-1.1306588004226774	-0.546304763833876	-0.16826899458327427	0.29691505040836375	-0.13677559727028887	1.7048959077556671	-0.4246646042301523	-0.7353835391569328	0.40993019270505787	-0.44964814888748106	-0.9603494671890533	-0.32212288709404024	-0.03854831395077496	0.08181052640797246	0.01668012321435275	0.23666013846608286	-0.20713957841802055	0.6781746023479922	0.9087350174752145	-0.13580077284808073	0.0350464927246652	-0.12706930020694307	0.06433289090608263	-0.2320526735840791	-1.4181442219749514	-1.3090493515376738	0.4213262319674597	0.9261641468692405	0.15722391917541056	1.093116488294956	-1.6886789907967172	-1.227915168882448	0.7969639681528744	-0.1604168154070882	0.08255844981978921
D738F5D435	78	-0.3307936913779954	-0.5279179806071153	0.11612864427380365	1.0899653723857259	0.27156333824228984	-0.15539705741863497	0.028053270994942814	-0.18500685301077407	-0.11066765137076173	1.4401286381792293	-0.328057720510293	-0.5509249077341054	-0.23302693381248507	0.6087839954430162	0.43825981208089604	0.5114450724746207	-0.0596558088889562	-0.3396753522988163	0.1888805617220544	-0.3351294481608549	0.6972192582575747	0.1679419552150171	-0.7993168558924384	-0.40753206705038547	-1.7174566896415495	-0.8894638045174519	0.05031950659821316	0.04188297202587132	0.23893175062268968	-0.07786252282430872	1.5045846831094583	-0.8462604694292658	-0.08286616895818244	-0.01932460273741643	0.00484526799993823	-0.3343749025307965	-0.7841619496996559	-0.19182990967541058	0.428996827762113	-0.0747978477466626	0.2017420254851748	-0.14542392949944272	0.1953779002117244	0.2663172242628604	0.07867116162331922	-0.08140223372406885	-0.39648616921892765	0.329882178197089	-0.7961470167221327	-0.7527043753118536	-0.4356194452846691	-0.03470742321311859	0.6221890689924057	0.14723863019514294	1.1832346286403905	-0.8794933667188753	-0.3352322732357367	0.7441556057119549	-0.4660964855474834	0.20325692291882813
