Source Name	Cell ID	PC 1	PC 2	PC 3	PC 4	PC 5	PC 6	PC 7	PC 8	PC 9	PC 10	PC 11	PC 12	PC 13	PC 14	PC 15	PC 16	PC 17	PC 18	PC 19	PC 20	PC 21	PC 22	PC 23	PC 24	PC 25	PC 26	PC 27	PC 28	PC 29	PC 30	PC 31	PC 32	PC 33	PC 34	PC 35	PC 36	PC 37	PC 38	PC 39	PC 40	PC 41	PC 42	PC 43	PC 44	PC 45	PC 46	PC 47	PC 48	PC 49	PC 50	PC 51	PC 52	PC 53	PC 54	PC 55	PC 56	PC 57	PC 58	PC 59	PC 60
BACFB0475A	1	4.407574249759707	4.7158361228123065	1.7749408536988462	0.33565411161273206	-0.0164968674430356	-1.56194103342692	-1.183124808588482	-0.8399476011117297	-1.6071675707372441	0.5128114337402095	-1.3249923414355615	-0.9484944140299622	-1.5414970507022991	-0.11461903758751796	0.31947820895847034	0.45950123248043745	0.19582267133262965	-0.027895225754940405	0.43160273721139136	0.1974262177417619	0.24607081139347536	1.0699426069727467	0.0413517395471626	-0.2113830531284627	-0.37244446563132017	0.36097516304321176	0.46868211192976694	-0.20289628352196665	0.5187660272878415	-0.25646398820053073	0.18134096158715102	-0.5497249889478919	-0.3312614051435184	0.27043081245824585	0.10038444764823225	-0.17617027354539247	0.059090350614539745	-0.46067818151377715	-0.07602385286595201	0.2508117968414377	-0.35561196842171977	0.24616999504545858	0.025417020519262604	0.16667683886674906	-0.00047129574321478214	0.4042930648186126	-0.04635514075554119	-0.1129120185024823	-0.2189026684934106	0.23257580341721892	0.18800527277425677	0.17655545027140485	-0.08073837181142839	0.03161002626699502	-0.4507191796045669	0.09109823957228368	0.02436122514201077	0.2788526562693929	0.326723436442527	-0.04114321596881555
BACFB0475A	2	2.5802757508439176	-1.4921106074018635	-3.1276941929365605	-1.9052954382664857	-3.925545092548539	3.4206578173404805	-0.02767023416314067	-0.04763519741981897	-0.594515836412978	-0.261856055030352	-0.8904957020560594	-1.314303647466525	0.5539198100568133	0.4358663383111728	1.563093980563107	0.8020923323131744	0.07412978940250205	0.10262775471851025	0.4103394690926722	-0.03610421421292096	-0.6624935339117766	0.9633349555872341	-0.1276470682208823	-0.9911680002818603	-0.5564590640858611	-0.5141451975484689	0.5390055320184	-0.6618899669754943	-0.2557436438817203	0.34016050530764286	-0.43050384564434835	0.2877726085728517	0.3502233644613535	0.31534250908771566	-0.7140887500621987	-0.24660089658180082	0.0041981748895742275	-0.0305999282476471	-0.3119212824511243	-0.27005371781221105	0.2137115807943155	0.037817459813948684	0.1845056698030357	-0.3687499902174443	-0.5335906230148699	-0.11797989138945439	-0.10439863860630373	0.16787442157127402	0.11867104534108913	-0.1268779167882014	0.20419963381972295	-0.029933826620707513	-0.31817105708505106	0.3037838412526895	-0.24828875718085394	0.09044510873604529	-0.1936115203509984	-0.18260388032987337	0.23616981694528866	-0.1413556926602103
BACFB0475A	3	2.7946804566759873	0.4640144942837437	-1.2023397554868018	-0.40630380845552394	1.3873042691048618	-3.1960950640987056	-1.9333694242846655	-0.41986376617172855	0.2896430403620719	0.3647178312169749	-1.3267793241429926	-0.5209730596203154	-0.2513729216587014	0.1731289379163879	-0.1281770561908693	0.9128945161681277	0.4785491639732589	0.17589840443624186	0.2451251414632652	0.6283536114939735	-0.10422552767797733	0.2282774169346103	0.35596711326796643	0.3853672546466	0.46515034929158805	-0.6492841259990838	-0.06536313636496104	-0.8718964170255991	0.22466520839216073	0.19496553733072655	-0.34345455114484996	-0.16211920830323634	0.5202430022450489	0.4803407700041394	-0.0824851730943493	-0.33342718130747206	-0.16087336552169199	0.4359424694637126	-0.4692395982741668	-0.03907423597424272	0.0676817295517445	-0.1706882774318664	-0.22119554965166469	-0.12638839618701586	0.18606162961759332	0.1958140809714547	-0.0022106356261482434	-0.06489015604975469	-0.21399385501742954	0.10088712283849006	0.038206080848232994	0.09552910395217568	0.03723565026410823	0.06382697577243228	0.03381439251356938	-0.23565663073949322	0.08170940351366009	0.08123528589927304	0.07268794176042755	0.1328558306381811
BACFB0475A	4	-0.7118721064840188	1.67985808954964	1.7478830557126432	0.25084892942727266	1.0429773306460413	0.6655301405372785	-1.5864431683348232	0.18756873210127484	1.772803842859634	1.7809396505425088	-0.27669617119287404	0.45874825441020733	-0.3502568135865138	-1.2734024009601785	1.5552548719872585	0.9175523816039945	-0.32125301584709093	0.44189560300102926	1.2478832692328563	0.31300877607373706	-0.019305750877825593	-0.8244205794737399	-0.9757881123234613	-0.09086274410412372	-0.0012135265340251426	-0.19747234168886477	0.01312791406358406	-0.7812732477542104	-0.2913489901299267	-0.04624658485880365	-0.4149457173832751	-0.5138110263731168	-0.11849483307299231	0.1444118738376199	0.06835012230052853	-0.02625049415532375	-0.4260413154077302	-0.0613217121532692	0.10781384085365987	-0.45776776616538783	0.19967685206664074	0.34074218166997794	0.2743856517381067	-0.09181278110456066	0.08813902906820088	-0.07463007734954225	-0.04516451253902378	-0.21654052048924904	0.17417682309973892	-0.02008844874633432	-0.06363039073591413	0.2448914585768153	-0.019963865737685577	0.0018261182668870032	0.13132557639478998	0.2665487505880844	0.2151526850432904	-0.11753324360328164	-0.2872361546486958	-0.09091154457546143
BACFB0475A	5	5.331427220793024	4.110107553786553	-0.6647651700344492	0.39005859559177697	-0.03694819344834817	-1.5026327200954057	0.06838701010184128	-1.9058823783529237	-0.8601388410577131	-0.4674428630062528	-2.574846767756334	-1.0314683532168007	0.2806939490697183	-0.04089468824731281	0.30734657021859807	0.7771291674249543	1.2561779983308923	0.6019326197544975	0.006633469479602987	0.6085482568512838	0.24330651696638714	1.2237481198651519	0.1692625964341635	-0.6534837678468342	-0.2820522235603774	0.2637776668731796	-0.37891583586135613	0.3811604328841968	-0.13129415185530438	-0.49807550592898103	0.07406882826750581	-0.16237864612418176	0.11407483886227086	-0.01779384046093771	0.8400209752264836	0.7008739457763311	-0.26069983134958535	-0.5220993618530773	0.05125509339371848	0.31237854921895486	0.1603290745432248	0.11075454536157188	0.0663845940850178	-0.4487098430779413	-0.5314820080514908	-0.2641380701582391	-0.4491927844453775	0.32918888852685496	0.18334446564493342	-0.1195567310476858	-0.25879997057336684	0.0786458811031959	0.0995558071522585	-0.11973004672328881	0.3530691261351838	0.025179874482516573	-0.3028640289530636	-0.029180180126549587	-0.03163849469084493	0.08561372938976718
BACFB0475A	6	0.4082797251381516	3.457595983658883	3.912695823588007	1.8958495445376584	-0.0571678127775851	0.546891019494632	-2.150734629264967	-2.159958876951448	-0.17890556733232305	-0.3910741531815031	1.1558901455161246	0.7685885887855847	-1.3948906788729734	-0.34936450355895576	2.0770540342203656	-0.26849237910500234	-0.5708609901580955	-0.6319161540928577	-1.3540319639381466	0.6583844444716059	0.821595061791555	-0.32789575379394376	-0.1476892658294016	-0.5628783560614686	-0.09506516442522195	0.6778551253940363	0.45746648548253094	-0.24472993939454224	0.4504079921367198	-0.08891032889074298	-0.18172631257402733	-0.7905594992360186	-0.32463682929190174	0.7435412848643088	-0.46188955447020974	-0.16238437752279353	-0.02835310078110669	0.01783631553178215	0.3436434420423546	-0.2956273708002385	0.37635751437203335	0.5551549717589634	-0.3374407362041215	-0.3178419960700983	-0.11722786942872943	-0.13613140489335993	-0.12564293877403873	0.22965444859778014	0.011458104473924365	0.08340847860085962	-0.17073651534031714	-0.19619033440071515	0.18397881376428762	-0.0396418837967746	-0.010856312275808333	-0.038895437498563994	0.36518385398390457	0.15784329136570488	-0.027927109601186044	0.3095134837501606
BACFB0475A	7	-1.1621094886919126	3.8049766488564774	2.8067831661848404	-0.09219826931000513	-0.6867762176874592	-0.09050655191415011	0.5869218866672163	-2.6073719371341793	-1.5422278306028683	1.020008347673928	0.9314194708546506	0.30675388157395767	2.497952850183748	-0.5189994855842365	-0.1525690766813408	-0.3923792362343844	0.08549823913088797	0.005789453589097544	0.042516145112600046	0.12835764529369054	0.6394424473046088	1.1395939125394217	-0.4442053430716573	-0.3869882834485478	-0.37008718296092574	-0.2035569103422739	-0.5912576516717746	-0.09481303835791006	-0.12767635149064716	0.19764325977338357	0.3314608130503549	0.4112966305085164	0.37978223604518146	0.22781824843196513	0.17641529397970399	-0.38660137188806276	0.132296442438639	0.08209925634539836	-0.03129203682768479	0.36254031909361994	0.003835959577741597	-0.17130867894424637	-0.14166335860955284	0.20435657660041934	-0.1696806597938518	0.11465153610600154	0.13510375847942244	0.07954221528642366	0.3423022696572734	-0.467844524334529	0.05653148349708479	0.11772989172111234	-0.17178693428811279	-0.12694991748350104	-0.014353205873547	-0.12762137095218176	0.14404608443591638	-0.02686362153338879	0.15600161099033547	-0.07264719461696113
BACFB0475A	8	-0.5495866330658348	0.4033367611519934	2.7585975953084936	4.484540368257775	0.1675053622285357	-0.6156884935434327	-0.42921598920473736	1.5178517173364106	0.020015640144024616	2.2179640352711254	0.012987317437122841	0.3899485991014323	0.8258173296516239	-0.24273493594582254	0.04738312497128143	0.35202805815754656	-0.43110005433051096	1.082757856512253	0.34843216995307474	1.3372596517587239	0.4017948327496953	0.545134563848042	-0.930181996415716	-0.14348731886930066	0.07266498223656284	-0.0033338163910972933	-0.24148841067506974	-1.0355035102291332	0.17039103830547875	-0.06452669501648986	-0.7141140038070218	-0.30575274744020586	-0.05155550974938563	0.4070660376199446	-0.43976573004332814	0.13150842391251163	0.19888280784147727	0.1939802605548984	0.05034963782859308	-0.234928718763227	0.188814358314297	0.491131206438883	-0.021139914594102794	0.03976803790702861	-0.35873375649326866	0.04859523363166608	0.13802330164463497	-0.26782843483132657	0.36602372700317803	-0.23291130943227012	-0.14809326364814857	-0.30835120350506867	-0.18953848761756764	-0.008823719267795021	0.035341745898723596	-0.08649363419906819	0.052920579508887636	0.19425824331133387	-0.10673886760971829	0.17494943208370173
BACFB0475A	9	-2.1230228005332035	5.565034266084487	-0.28592356924109763	1.5338075434283032	0.34118507546831406	-0.0903372153862061	-0.2907112496029499	0.6452121280856892	0.17223793315055297	3.0322240272613503	-0.22716142093754157	-0.40961191765637706	1.1808247803154936	-1.474469714097143	1.8045807619008007	-1.0810274504370294	-0.605186478257579	0.13886271442453818	0.1323985988366858	0.7145426818213185	0.015581336837288677	0.1288023122826451	-0.500988522076581	0.626424690859991	-0.12105310899407354	0.19356532844399624	-0.6114667323271729	-0.5138156226795183	0.35848038145463995	-0.6338834670726647	-0.07613892765306796	-0.20626829581093012	-0.4628099247025854	0.8868485114581829	0.010485672075443866	0.005031425618353895	0.28991301397595554	0.12100643407449352	0.4612338331722477	-0.028867308276384777	0.0988443204939785	-0.10248440760289357	-0.09036507325368728	0.03934270918248724	0.3453003017038963	-0.12387168979140353	-0.06656723412871529	-0.2140877860320482	0.3725939125818181	-0.447472847619584	0.054698041146649314	-0.232613687771924	0.2100348262746403	0.05129490775800759	-0.012051507076761333	0.004787053433095638	0.32107842712179696	0.15794704668647833	0.08252027156931674	0.20606439562390863
BACFB0475A	10	6.1094811711702	1.5884729510709312	-2.116927390494806	-2.0330099918830875	1.6857177060786173	0.9208842583941658	2.34840080237699	0.06105129365768921	1.3476331927623009	-1.6958692785812362	-0.3765119480754881	-1.4822524100177243	0.17058018527010113	-0.26484974903038244	1.2222025360806263	1.077595069981056	1.1958014998106077	0.04510017867800558	1.6398816028714955	0.29371672016027334	0.6245573798675627	0.9086114312092063	0.05287594643598847	-0.3157275339873921	-0.12299026583048459	-0.04245785377795549	0.02550058654697114	1.0564661406237632	0.12701604304508235	-0.678060744560816	-0.332845549254245	0.06017074965326345	-0.8077080955886909	-0.03782472416766432	-0.043202744423100556	0.6609404551394589	-0.00572454284808518	-0.401236539664658	0.8128473501685459	-0.09453835013320551	-0.32571323099878136	-0.1289546232185153	0.29804660259798316	-0.15978678832809534	-0.8703586284358247	-0.4048485127016653	-0.23346722830114042	-0.5710274923636316	-0.18591687755593428	-0.47218734177098526	-0.24400252610601575	0.08398162631033389	0.005485353594974194	0.44835636395798784	0.2293493200195178	-0.2504808133604004	0.1507554822993467	0.18386341369309753	-0.11200201113981177	0.2126360200849271
BACFB0475A	11	1.377785442152254	-1.273019513777781	2.7412170602443964	2.0513725325001055	0.2908613592692206	-0.3055116549883932	-3.167889713088938	0.7356090988440838	0.48058727885999275	-0.32384723546211014	1.6212879254512524	0.6582789764746281	-0.36687025598221235	-1.8311164295262625	0.7915689203265561	-0.8151572603301174	-0.31998760441452373	0.4583366427053107	-0.0740514269989162	1.354591444221638	-0.9862179608841154	-0.08066020105719358	0.2800540004283654	0.21264497546610556	0.25692395882751384	0.3461344855271922	-0.9325879784009696	-0.043239064951019576	-0.44626469479750924	0.053283234155507696	0.8837713362681855	0.257830276846256	0.26881330045591895	0.094377353872022	-0.05760467700150507	0.42038390193516006	0.5413958219573516	0.9318249496681446	-0.19048135696718865	-0.19639488864566007	-0.1878392999914079	0.1172869418549788	0.051800744677909356	-0.10317833503755526	-0.13031695051063288	-0.5056100665346942	-0.27539126096349775	-0.27737031348300756	-0.05470821755132436	-0.05150905210072688	-0.19593985226574764	-0.2953252235479878	-0.019200312582600403	0.3421113947067272	0.11719943359757655	-0.2878692564155531	0.1368176971171034	-0.08949441296629215	-0.056840470168080845	-0.3414509555696852
BACFB0475A	12	5.388498090476026	-2.42812311157843	0.6891351558211345	0.05517498712983003	-0.7809684869590231	0.25618259363295554	-2.0975482682765367	0.8148468687430991	0.013183725175617906	-2.714129819244686	0.06802288261620035	-1.2430324724473167	0.0021207489589859115	-0.8051562945914569	-0.10784842359554964	-0.6137623264993153	-0.9930804774839012	-0.3539798471736534	0.48232156810959737	-0.15229889921677095	-0.6038634553914131	0.6153956870160344	-0.17884579942173132	0.4410195481049626	-1.121801826911358	-0.3023786021798652	0.5686274676346765	0.7470838686104367	-0.04785096725890969	-0.358636288341811	-0.08989413720146405	0.4730060689714669	-0.3485895932464039	-0.1871806700697448	0.029743052511406878	-0.031655864942195994	0.5032762264299407	-0.44461180915136717	-0.14199007466715305	-0.09249318915375877	-0.18773117934603772	-0.04392856262162975	-0.08466518874732465	0.4523072754432664	0.43593892404286055	-0.19521463701103084	0.059377678135764715	-0.1905989700436085	-0.0006995015449866461	-0.031167807905665947	0.1484853756576785	-0.08676619603963646	-0.31425859847633186	-0.07837871337163334	0.12910745457047856	0.27452521696397314	-0.03202016642844628	-0.016614521605275635	-0.023899000522925463	0.03132178850618054
BACFB0475A	13	1.5993869283371642	-2.392414345118396	1.85159535203249	1.3579295462746617	-1.5784218215653538	-1.5028657853653347	-0.6200650424096703	-1.5961934438652914	1.4319536228973382	0.6272136294021103	0.2026131756013789	0.6865648425815776	1.2790383257884477	-0.22273306985806215	0.1312826248687354	0.26604400764968267	0.5903330663313816	-0.176950949049319	-0.3667345387379902	0.13053483881656966	0.7288292689040504	-0.9726940183209185	0.630068881697184	-0.4927883455426825	-0.35475296043350296	0.010202814146089829	-0.07814844418676323	0.4388250569612077	-0.166140387785924	0.15813149859771788	0.19356611750167366	-0.1132099343290592	-0.755989780358506	0.3736983987315892	0.32475325459400517	-0.13779417498811022	-0.3083987665275225	-0.017448135799829383	0.14353605697575153	0.1355665339993071	0.34746685118394555	0.1007887391702957	-0.08341568239636986	0.005391921509058642	-0.08651088643607145	0.029047986298530264	-0.035113686056274046	-0.22578725512787493	-0.06500384604538677	0.19961929151712654	0.07094783607927035	0.2469830996525067	0.22394234701879495	-0.06066469589560568	-0.3546337575246981	0.12910375313645506	-0.2227080254836514	-0.15078946969500723	0.08522728454322864	0.22205859684482995
BACFB0475A	14	2.9660861276666597	4.486347107092595	1.5414439335524004	-3.2029172246180635	-0.1290699162859086	-2.8670606723776224	0.09126231277656713	1.1450689075217657	-1.0471559290504493	-0.013337384490445239	-2.875685966492116	1.4094972001596913	-0.03925447096161881	-0.6581589160881839	0.262577998934094	-0.8517134862741208	0.5958768805130783	0.1435675943195645	0.008607384432612004	-0.6702699862753085	-0.9453649047899615	0.1053153295273219	0.1838871707564405	-0.08782795046094359	-0.3514042321657819	-0.2948455362760202	-0.5358899872884482	0.041505359598163656	0.24229534321639223	0.3419662734360446	-0.705334713218115	-0.25520336188299175	-0.014050005198538737	-0.1408160786741762	0.41464462433302823	0.20945418240526378	0.06795370762729928	-0.04496932642885336	-0.13068782039450869	0.1278769804067151	-0.4116644260338563	0.16081753305082236	-0.4317842900459547	-0.05495862273288455	-0.09304644835593325	-0.0939480196880866	0.01275711408330498	0.37303204902076303	-0.09661525085740962	0.02024887376371507	0.16676781360555	0.06730126095364455	0.03315414882192906	-0.3834872302249118	-0.021441618810696263	-0.033232112157141044	-0.09399274478884527	0.1766252182194987	0.30815211320741703	-0.0485166607019671
BACFB0475A	15	-0.19347781738945674	0.19476539355689051	2.574013247821382	-2.8786036965079465	1.6100680500044724	4.561121577922734	-2.4991449731165227	-0.053799788974556555	1.986985776024673	-1.3814983455648515	1.3204016566064882	-0.7943545220871161	0.10272891396524458	-1.0037631148702977	0.5763792230647543	0.12985373804838432	0.40393473372834926	-0.3201542882782367	0.13651497044935562	0.9227223467385077	0.4466296196856348	1.1619423115115077	-1.7166672611200389	-0.7148599667597259	0.8888570173153563	1.7892885535839638	-0.009866476342538975	0.5185819780464812	0.8981830965256616	-0.8900160458752959	0.16661139530487099	0.6547176167270038	0.8522285606355048	0.7175577734709976	-0.008539130515084727	0.20605327686050892	-0.9615654550241296	0.29061641359875345	-0.8350968076584837	-0.05149640009020806	-0.7046174232741247	-0.04116653797549567	-0.0166725277914685	-0.8634559081410496	0.24702617612552052	-0.18734389875631327	0.017419150187319432	-0.0245431549778748	-0.44636776262645916	-0.5320342261208748	0.781837964108163	-0.01672340446036532	-0.2808321300545468	0.019615598383199487	-0.33387589503149445	-0.2955516182909692	0.08428962960800185	0.20342518564972467	0.21397779988420926	0.3765804792228927
BACFB0475A	16	1.9313740268475275	-2.762730034930073	-3.3076946044992828	-1.6025293982563686	0.1607860520885201	-1.6598683553317504	-2.7466084913943645	1.0219927349252085	0.26149289491035793	0.24669949327889193	0.5569517535025748	0.336383017430836	-1.1955225288257894	0.6328394425808926	-0.6375564789970712	-0.29299565406307915	-0.43855961800575916	-0.8153714882834097	0.7746257426690897	0.4702086298355032	-0.07196026882728443	-0.2180306985959228	-0.42494647210693903	0.2531009656436312	0.020004010480641838	-0.3833210638038183	-0.01352909040949904	-0.2937387435658717	-0.652806841800005	-0.013693827035290346	-0.36814409259378567	0.37084008533941293	0.22233847362550316	0.016795029044864736	0.35323774024198884	0.28302884239086523	-0.1509007217087215	0.26021462355045016	-0.05682430738976734	-0.29884608868196977	-0.3223470636486124	0.1843397442049421	-0.4600553817215037	-0.2054257233557962	-0.09484491454115408	0.1381720543189438	-0.04238129309283483	0.06351213779868661	0.20653372424520738	0.04062411399073296	-0.19752391456842014	0.009440199542585678	-0.01229866105865262	0.09884453286240016	0.025673122316868312	0.022302957474311068	0.11374820315489446	-0.08007789575383832	0.1678061280741968	0.12775506594008917
BACFB0475A	17	7.499048205957547	-0.38791355123059906	2.0257292256935626	-2.0063029576995426	-1.5613880750179074	-0.9663622743900936	0.3078286108501888	1.38235393067781	-1.2717414596720211	-0.08224409056458469	-0.7981118611794835	2.3777354082205266	-0.7984213323705798	-0.5610144340510053	0.8331836762922488	0.8992825982520058	-0.5565270020417026	1.1188164739972601	1.1363019952709827	0.08623034192930158	0.5804080209445829	0.19466135177535265	-0.3262359364030215	0.17896165124305885	-0.0019380196179198286	-0.7198653428698822	-0.2794824730047368	-0.03593257122768958	-0.05949867269482643	0.09480733418883985	-0.06895245298013672	1.177458021932022	0.39844624849730387	0.2282726882606766	0.37216835547691224	-0.13062672785418866	0.3782291480937416	0.3215068026585329	0.11671901754818816	-0.07073462995374576	0.04503364789219164	0.3138982666893169	0.019836533704143865	-0.12223438188803097	0.30636410938902797	0.13553229227309407	-0.07913769192908648	0.013248733938077078	0.026758306221991907	0.07710782351170359	-0.020410161010438306	-0.08427947518368654	-0.11302806754745309	-0.282539909260772	0.328247363692878	-0.07982794497015716	0.18889322296431027	0.17828633067511815	0.1449685905397387	0.10606222164024416
BACFB0475A	18	4.694153446342227	3.943685733884234	1.7173418162975673	-1.019107158882277	-5.219485417836676	0.18348322132313857	1.5095358833365562	2.2184683379241266	0.8404452884326138	-1.404307712708633	0.39868768168431357	0.08919289232822736	0.5076551332678456	-1.218652157374499	1.1447405878279817	-0.3577618370397165	0.2346962652347046	0.4505112899422379	-0.050967667801963774	0.13910204186243053	-0.689521625254777	0.16721050540792343	1.1305417297061318	0.5268291637238074	-0.11620392851171014	-0.22222911004615215	-0.17222730203482314	0.7521183967804642	-0.43219709694150465	0.32586209564627155	0.3759040671455675	-0.7251363334697845	-0.5925178738120723	0.27779172160146276	-0.3687375015128785	-0.2452947980179206	-0.12081697407012237	0.1405793655378909	-0.18189054854051342	0.10447306993792943	0.3343978500436968	0.17086006148153254	-0.010450968893320551	0.6043584031342323	0.16138534661110593	-0.04627233771830988	0.46026813428057517	0.16525202188557653	-0.00922442330547745	0.07050011604212054	-0.12380897437851089	-0.011067469381406651	-0.14387690092557237	-0.015650718380512445	0.014402159196329513	-0.012994472147533376	0.3776889302074942	-0.11545200687239039	-0.3041587463401781	-0.15485876805350646
BACFB0475A	19	-1.1059428881320046	-0.6419166523725525	0.8656390819228882	0.545791964695555	-2.340573835203751	-1.4925889069009797	-1.0868838195399027	-0.9851550669948526	3.6497581980670297	0.6841618960472703	-0.06134150353935461	1.0311162363524051	-0.14807790624638387	-0.2916587745820418	-0.1357174513015757	-0.40946332792875734	-0.5936269541990061	0.6381345835176101	-0.06810993848356386	-0.05012776519686685	0.24295545575066563	-0.7208144314181639	-0.7542120181201021	0.1860358522435562	0.8875104429210176	0.3281067311233716	0.45294944804596976	-0.4237326422416114	-0.11864023854309738	-0.008979011996185149	-0.5251057574999537	-0.24054511993744224	-0.394640392996999	-0.16048892629601258	-0.028873663002075164	-0.18074020010849143	-0.3553790474017857	0.024359606525188066	0.6336303542345882	-0.12374301315624071	0.40701362122929624	0.6766410240129147	-0.11433791068097605	0.04688363485338888	-0.507070716605824	-0.36109132761711854	0.06342706338989924	0.04189653153822113	0.09186801362425881	0.16260491366493837	0.11972701035895864	-0.17840351070188495	0.11998998068321585	0.1828124530525484	0.4125322815660161	-0.09838902374447554	0.30907853549359626	-0.14997367116114146	-0.2172810338698776	-0.04925481319938582
BACFB0475A	20	2.5378152538021346	-4.516949964450816	4.648960587138096	0.8551968983421349	-2.554749832437958	1.4363936147597234	-1.9336059303863267	0.8685751302809547	-1.3815163093675806	0.26681976733940804	1.407455997442961	0.24862238437286663	1.211707472759269	-0.5338963459811495	-0.04260563207338937	0.012590901623014229	-0.7615509930006368	-0.9652360825181323	0.8737647980728315	0.8482195305800202	0.12539822977768816	-0.5492808476335835	-0.3868362592590502	0.5384638386609139	-0.7611803068375372	-0.26312015791464766	-0.2396087454258227	0.38026222360288053	0.22204486342439714	-0.18933275151492074	0.6283595609216794	0.45201700377288023	-0.2994647112304675	-0.7092899277204168	-0.2759704814611948	0.3108792280512596	0.23598363179671067	0.20634678875397672	0.08810478822008815	-0.020590312737679507	0.1505624915035594	-0.11256885737650334	0.04609246069944013	0.07116421833782585	-0.05759382298766209	-0.54817611268177	0.29223244002952353	-0.8016521042502428	-0.23311480973916998	-0.002846370536973636	-0.11129846036386294	-0.13609415505099545	-0.07837730428221344	0.30299176745163425	-0.12356706859789908	0.12587515584580128	0.23173389696494323	0.02918349832779043	-0.23375899480573745	0.09981943320707597
BACFB0475A	21	-3.177188176691505	0.6709329772470327	2.1595865199691655	-1.290784471017113	-2.110840704456832	-0.6474659293094153	0.41306979850133646	-2.272369511076939	1.3114115243420317	-0.6474951181110974	0.556867601652231	-0.330705080084703	-0.5407289085727969	0.558957489963312	0.5143042993564172	-0.2012076471174448	0.961237727361218	0.21868686927522338	-0.09907639811899371	-0.4302790946577346	-0.44973760979352506	0.23536418570110976	0.3287902770722259	-0.25110298545285037	0.024847401370469632	0.5728569298456706	0.08168718920802712	0.20189160475079768	0.32572622360049364	-0.1719433826197222	0.37099002204257514	0.022693911864026865	0.40127744802150334	0.13075236091961256	-0.3124480375846121	-0.1553810885972569	-0.13477156330137616	0.3295495930847868	-0.3252163918295284	-0.29275321172412966	-0.14746286075499698	0.2573778466366517	0.15104919995256325	0.03974534900052258	-0.06635509761239528	0.1521693409601736	0.4073706969088207	0.2880482295826613	0.15042579749854493	-0.26162775630614193	0.047378796091886534	-0.2773792139241507	-0.44657078384298826	-0.09818554981527512	0.32070541466857716	0.24537594599705745	0.10511853062885648	-0.02527775505165593	0.21426388706922772	-0.22035475487323564
BACFB0475A	22	-0.6812295870265292	8.332545263360368	-1.6756166022942223	-2.1310041053635316	-0.6303760690228947	0.07310780897177614	1.1583053854960346	3.3095035773054535	1.7303873683480169	1.010203879077594	-1.3328221644192124	-0.8593582847545497	2.5372627736853866	0.11615232231399696	0.5069731179715243	-0.775314744102435	0.9344261460686188	-2.043476715157116	0.22935397710969688	0.5621588315799013	-0.2962080400604159	-0.4187065242789075	-0.04683562183004712	0.5745636703673414	-0.7728285401255914	0.6880000278405619	-1.4250371838321685	-0.17496529546885609	-0.30531142914243836	-0.21983809513754343	-0.6535760270384624	0.32614232249718417	0.18982272352825882	-0.4115769280395053	0.12477516116522475	0.03153253517695766	1.4354782313541385	-0.6206160005716673	-0.40536392252095566	-0.5438606971559413	0.09178567949178022	-0.4500281920988545	-0.04396764862924494	0.6116054572463456	0.3900232106025909	-0.5291104633317144	0.2616960119933223	0.42027070972635705	-0.1593052609710179	0.3454215464467537	-0.18858991255036164	0.02220748731690724	-0.18569104616986784	0.16583278539772203	-0.11086497483593194	-0.37843728422849354	0.35873561888774946	-0.008753132062940129	0.17628674286118598	-0.11020541396025386
BACFB0475A	23	4.553520271954203	0.32808466462471847	1.0322387491400304	0.8078670793053145	2.131661923041164	-0.5923359039486912	-0.7625684705908372	-1.3457854471516253	-0.5332526935033629	0.004462207758381736	0.15021324348666354	0.31140012277983536	-1.947539048341305	0.6587049770378116	0.30508402610268365	-0.047536856536429764	0.451972578866126	-0.20457761246339548	0.07967457811526499	-0.2902105726446277	0.33834221565080186	0.2225454076367015	0.17782223325423369	-0.019041821795824268	-0.5175002436893633	0.3756465213460559	0.7402086850400446	0.5933722225940177	-0.42532918062928876	0.07826665687718756	-0.7333385519893653	-0.3505873587931533	-0.48038674952121585	-0.08861246450855313	0.09591863903027262	0.04085975699419572	0.11158905462722676	-0.12979725657565533	-0.34097875769623265	-0.13895452077581194	-0.22348997915590202	-0.20997841328148784	-0.20295021948387765	0.02250440859769755	0.167035008945953	0.2132078199453479	0.017605078457213347	-0.21675012084686812	-0.3073229310810735	0.06833548526001423	0.30075927028552735	0.15845901588281838	-0.16098271090506097	0.18465622809747767	-0.11826175781540918	-0.021288852616916414	-0.035115168404783494	-0.28299915999437486	-0.014894462560586604	0.0007968651333479621
BACFB0475A	24	7.509863032815236	1.348176154571724	-1.2079418274420473	1.7071571123422562	-2.085907742558474	-0.4653548038155334	1.0998703292970826	0.27245056085408315	-0.2325071816399356	-2.2666078489526087	0.457698623627479	-1.2391601171320523	-0.3077663624069462	-0.5726828753360546	0.49814029734997994	0.06865166383846405	-0.28857964795998126	-0.046642138617303576	0.9370929888676176	0.06740537246761809	0.038115905151294094	-0.11836493854002669	-0.2311635613191038	0.06615270082619067	0.02949466462080836	-0.056358240347285024	-0.5769637969788782	0.5510969169183594	-0.251527046382755	-0.4181273731473262	0.39538464860812894	-0.35006015706118315	-0.29622738571412294	0.045896698958295144	-0.13579409337617648	0.03256605158835093	-0.1536301040456611	-0.33335562259958545	0.08199746691014513	-0.08972080068057538	0.00804203302536738	-0.029716347038781194	-0.19611731895460408	-0.05663865496219952	0.036800699644795896	-0.030436937043031378	0.3883429824608741	-0.08101436264765717	-0.0801859158896409	0.07836349908908442	-0.08345226070134673	-0.1696141970097123	-0.13828315760359586	0.1177500824681075	-0.12424225933152575	-0.01777854847174467	0.09954715811079068	0.19015785388884968	-0.0019648744706628044	0.06583840503245399
BACFB0475A	25	1.7408133872109361	4.987130056481864	-2.562001884633959	-2.413819408621857	-1.5310538122167041	-0.03404008017155654	0.3869604697488923	-2.929500295237165	-3.2658848193770798	1.6965821440701159	0.5161346552759422	-1.2141686651552328	-0.3418678074152889	-0.537252937326607	0.15187949321742567	2.1886101847422004	-0.2171377643163035	-2.2397957288865635	-0.5432918405747738	-0.27250793120348793	1.8384826406408268	-0.4626133030650447	-0.20008605909326457	0.732621188700808	0.7679627793326653	-0.18629930275180204	-0.6490351383885186	0.2838931580678539	-0.7135191862263536	0.3549731627319011	0.6927811325653253	0.23965995860977135	-0.023599905655213357	0.38792300646198047	0.6018373252088012	0.007046387329517861	0.3628219228302186	0.4411685909020109	-0.2987256001170633	0.18254953880225477	-0.48585692684679954	0.8220541327656838	0.038896878723769145	0.08621575853084701	-0.3204704095666874	0.7993363135693127	0.5555208238311956	-0.11983372301775781	-0.7760583270709885	-0.19896207756859854	0.06728454053405102	-0.22783373903240842	0.41587941301312414	-0.23591949938242265	-0.10101433055318292	-0.06260793686543853	0.0815255522723505	-0.07385725526802904	-0.008252374711468826	-0.060588058199117736
BACFB0475A	26	4.529212604684916	-1.789483223520716	1.6582579222137126	-1.739593698148711	-0.21887548006192314	-1.2581956636356768	0.14835568745032016	3.951413405006342	-0.8237110628057992	1.0996851708909132	0.6089931632901812	1.1648664194808667	-0.3255455479323608	1.182913909603773	-0.972271252987545	0.7937368439669585	-0.9670196536310245	0.5790929972020175	0.37124259841969365	-1.1319166550166642	1.2128922562105593	-0.6382063918659563	0.3710812071759085	0.035762577464114195	0.5930757629934355	-0.31033793482523236	0.2854349748114377	0.40165346348357844	-0.24283135716575174	-0.33985066302038663	0.7661974217499403	0.323788783084847	-0.10386590645839698	-0.18444437122763618	0.24603475942081374	-0.3001875318753782	-0.021669880656635918	0.16153792385152535	0.12440665110779048	0.011604694216952583	0.025802815927079094	0.08196865009577613	0.312651302988303	-0.34389769297001466	-0.14163933691212943	0.28045242433813455	0.26382158495580205	0.22491713145756426	-0.14488872626689223	0.35850090108335364	-0.37276197076199674	-0.0408507178605505	-0.04140905526486893	-0.14207954205446097	0.36723607811462483	0.043022008481400247	0.1190841440511775	-0.07748468906047663	-0.024581678194428535	-0.07904817071233307
BACFB0475A	27	7.445057208750712	0.882941289552136	-1.016915345850284	-1.0142235231307213	-2.1203630166594154	-0.5775385341469482	0.3885132549376082	1.089742145758157	-1.3262180788507778	-1.0276238285820027	1.392013779992365	-0.7520670205946315	-0.7921553782884722	-0.20274363373530313	0.13676914496670062	0.22635874444903054	-0.06896965908338978	0.6452812750443471	-0.8070442105377079	-0.42455952959671855	0.21802173232559208	-0.1413844555818426	0.14519263800013338	-0.05547586960100938	-0.18740323390095648	-0.4285661607577192	-0.19550254503510622	0.3859719275211956	-0.3827426549261673	-0.2137769873628568	0.09116129554856564	-0.2707622604383714	-0.34400325581648805	-0.3106130809039409	-0.08354307279698087	-0.17763180815622404	-0.0856293933061765	0.2877870772362952	-0.25765803208198157	-0.3439439284448008	0.16699832503375664	0.1339924333892361	-0.14564244943032695	-0.3590171932700506	0.14326787302061125	-0.011415991863014816	0.15357671298814302	-0.09911132680634847	0.02900440324883155	-0.0007469969653068916	0.015595131364352042	0.08995750537758244	-0.05032856746416843	0.023839434733741994	0.08185106167814749	-0.027096846723941588	0.036672312910061886	0.09874181910252053	-0.11314621971824385	0.053577338576480615
BACFB0475A	28	5.407456273625538	-4.286291767679699	-1.1334443550921536	0.2415915280298486	-0.4848342890657078	0.2052222769763828	-1.0095481734028946	1.399776819699208	-1.1390595827228316	-1.1087563504391014	-0.2737063668812925	-0.2843303183168714	1.5768715247152643	-0.17238457820057337	-0.7015103686481857	-0.6035961902204118	0.19883639978978287	-1.9873277383080328	0.040029757219787986	-0.6556947946096648	-0.3668742271962377	0.4137833660694451	-0.14735450132965153	-0.17348060853209085	-0.6079015372785168	0.36527131856288275	-0.0061422678497503715	0.4169698885812463	0.02303964573516389	0.19806757140900494	-0.09425800455460157	0.171133832624879	-0.19716034899731755	0.18551500701356294	0.26625969935011123	0.11534476021221185	-0.16285967335875415	0.04472361196153967	-0.053170345248948654	-0.049808615151986375	-0.24820074522839447	-0.24431125693464656	-0.1446053097294554	-0.3074078844013865	0.17748082498441015	0.18188253161491622	-0.043986401828353824	-0.21824506425536938	-0.28480165436606114	0.29056989657974375	-0.2999290969790146	0.018733592186368393	0.010264651584256664	0.20631715355829566	0.18393259102330772	0.11599064681581646	0.38282961239295044	0.018390009650066888	-0.18314342333871894	0.15697691509108422
BACFB0475A	29	-0.5558352956041094	-4.569357735583026	0.8515331106621888	-3.26042398160726	-0.9851664211078534	-0.10934321309560094	-0.15105866432982068	0.8111482986451365	1.8120624228098876	1.5847865829905543	1.249928344596693	-1.0441283408991708	-0.8158976196091219	-0.8818858792585813	0.10038030701438504	0.19823844121873743	0.1464959989877661	0.8521595684221457	-1.0591568082978737	-0.42147335433625194	-0.21224326042476707	0.37797216964142905	-0.19650099880721544	-0.11539694336523951	-0.7565808400607125	0.39267794403187434	-0.09783607036583186	0.08950831271562397	0.014050389188008635	-0.6778805204703314	0.15311858687541413	0.06808790389230415	0.030752427925748522	-0.1823993974015712	0.047540241982170064	0.15148852674389768	-0.5509584221237706	-0.36029070834141613	0.34755488209609037	-0.2966537701200891	-0.058157810290875425	0.04416631875465207	-0.37024371052471894	0.33440655179987694	-0.24297527850614134	0.06752934467841848	-0.15150471292686926	0.328903317696853	-0.5760520978199295	-0.10677550205798773	0.30821483520503334	-0.2584879757658311	0.16502645441199362	-0.4167131446621285	0.15614789196328072	-0.13339302555922233	-0.39562525071236604	-0.1734446633090987	-0.022398354552032963	-0.13304589714854712
BACFB0475A	30	5.077330028427786	2.7956935120432966	-2.722830002632782	3.4421508288289684	2.23694255168633	-1.1148023560587803	0.0006175856974356235	-1.2957060009594983	-0.00499674786868702	-0.6082414645592572	-2.7161187630782484	0.18323277619595182	0.26245229115652285	0.7173738787932362	0.12480919608059991	0.34223534530523253	0.8570509258213116	-0.2379680542624865	-0.18334424377521782	0.364482599260456	0.047534204745214685	1.269407230513733	0.2973969989557897	-0.14835496522016545	-0.01547760451617998	-0.09578832268656151	0.13065733483323777	0.017453188181529748	0.05657061596075155	-0.46742850037176664	0.16317302256487792	-0.03219743475210581	0.1189067241518577	0.17624332658986902	0.08638923815769524	0.00837951258914888	-0.12028753828064669	-0.07955647291655377	-0.16934211536164503	-0.03770408997689151	0.19294707891740387	0.07992344080499149	-0.03758654607250089	-0.3144027943829124	-0.33116203984151255	-0.21675764699235642	-0.1572643729899669	-0.21603841813835173	-0.12037252827208669	-0.1408724734872448	0.012778672787797235	0.35327074749813187	0.3644941403110764	-0.07385144369981093	0.2904118773293234	-0.09448749755427055	0.221985298718502	-0.18851963154509496	-0.10253681612873276	0.02357262647742395
BACFB0475A	31	3.020232948090292	3.419921099359651	-0.057368996011824325	5.290471165611057	-1.7397269010443832	1.4503272607463846	0.16661409647993744	-0.9520499110872305	-0.7119690211459921	0.8049546564037395	0.7445278162338198	-0.869262591480508	-0.9259398735073481	1.1115486695009618	1.3417412514663467	0.0766890460946379	-0.7936206001174204	0.08599764267652378	1.3166186703482616	-0.09272271261303594	-0.8850225727458416	0.04672453472191305	-0.8080961560826811	-0.40321935431894546	-0.29031529295005365	0.7494939795467335	-0.12276641153320497	0.05524995953515722	0.44359903969394815	-0.6750610373497292	-0.058048038665980566	0.4188031793972417	0.1447623384827743	0.4943275327485179	-0.4433823439993523	-0.9314747476211471	0.12834480852045269	0.029845647180676598	0.7254571818984634	0.29704280351654583	0.9483011172846377	0.24641526743483352	0.14907749820473482	-0.18232105880582108	0.4650509622793198	0.2520871783153427	-0.24741006265530754	0.11457224550097621	-0.15536672040141525	-0.3270458026840811	-0.41036564144365556	0.29924342893670874	-0.004468682852337986	-0.22621244385607242	-0.12085217873996594	-0.06393594253062544	0.4604016663780517	0.47710220515986396	0.07943350383116017	0.029189450415258767
BACFB0475A	32	-1.8383760294229095	-3.227855848935138	1.07735761408911	4.452337633370608	0.18156751238468224	2.744059351435537	0.4909731590818811	0.2897094948837319	0.7164281169980731	0.1785831210776137	1.6709298609740082	-0.42003142678795286	0.14103417069851235	0.40123334818256096	-0.02616883321796073	0.9937934842365879	-0.060552499071928986	0.33489347643572415	0.49301432903932013	0.10409337598951827	-0.6575546524214962	0.5440639391716797	0.20157358804767173	-0.7280877024518289	-0.9862793360819804	-0.2669038587281354	-0.4565166451658767	0.44996618888266865	-0.3900033595049983	-0.35281857539164874	-0.3381379548620223	-0.42736617285173656	0.225282951620148	0.3282736315854093	-0.2505039951556577	-0.5919354852388108	0.30568221726504136	0.04699737262507827	0.08407171652244542	-0.011825621801664592	-0.10581658420926335	0.13403678488504028	-0.3245407153980002	-0.6802283261351628	-0.27658700368958206	0.1125475533823533	-0.028513292888690662	0.16777505345081406	-0.09094081616884456	0.3821714223154399	-0.312076689683407	-0.08220006347627414	0.14498411604714745	-0.21515568540764338	0.07880937583035973	-0.054205665523772234	-0.26023663650112455	0.21037033395049703	-0.12010094633646928	-0.01856965600109536
BACFB0475A	33	3.9285963356204756	0.332398781057484	-0.3609087998927201	0.48526005430842845	3.7632619512795764	0.34584792398289876	-1.877275608045036	0.7463263623637797	0.4628423273086315	-0.2910151533772742	-0.5194240755409683	0.4860703218795851	-1.2688034976662754	0.5635670268176911	0.6398517552523337	0.8861256878347997	-0.03328217726540797	-0.7851805942258034	0.01948276381585692	0.3484156919062046	-0.22684966625787847	1.2054068578592516	0.031051129739628737	-0.23974905169528557	-0.34222287737754264	-0.2506797933867788	-0.19496833391357896	-0.9224957871079205	-0.08840216324036534	0.17782459685030247	-0.43935906531745933	0.09576365212180885	0.574001253220506	0.46669533008300856	-0.47941611339855655	-0.08959502192871081	0.044793557823857	-0.12168565715259347	-0.1509923865252231	-0.002943840755914167	0.21392007452872283	0.3819014318872943	-0.20012823707758182	0.28465751657434596	-0.33108880715641625	0.20958425735328057	0.07431127198215269	0.3531416393925363	-0.529813441360463	0.06229407502643796	-0.04748146705530988	-0.2683891808624044	-0.26798329285500905	-0.13796155611954464	-0.2199966512777279	-0.11523898215868357	-0.06357149352076369	0.17133363374005992	-0.15402381773831345	-0.11905511856233703
BACFB0475A	34	5.931796500307687	2.0208528361697775	-5.187733891761547	1.393198071790418	-0.8532241094848446	0.4471457552255325	2.0778624671019337	0.3648881396445619	-1.9381019908058768	0.6152152229339312	1.1236114521124108	-0.017836545133317002	-0.28644464617825705	0.7899950958214864	0.21327629828398115	0.29074402316149417	0.5290553008071641	0.029244859893353937	-0.4945984857630313	-0.4378235899242069	0.024465771450462435	-0.4625857642491985	0.33697893736689566	0.21828556620833292	0.06914832868108682	0.15111022538990543	-0.20658676295869227	-0.3146915901409449	-0.16800084835001688	-0.0036788346535194115	0.5008266866244679	-0.24903920710149582	-0.34260031437840305	0.22291716092754194	-0.4444813766963669	0.22297438160796734	-0.9785866521691945	-0.06422113288927951	-0.22866718537333589	-0.42935258955448685	0.5841791984490572	-0.0024876382578562684	-0.519601659931662	-0.07282930457131095	-0.2585849944499736	0.2679689668220705	0.2356410414879261	0.23353653058162244	-0.12105135407760113	0.09604827444623082	0.07332136709549344	-0.14381658711786524	0.04756739310292743	0.03363990873393732	-0.04998396551644241	-0.19604076154043928	-0.1273226314287612	0.15564374743278508	-0.06527262656440577	0.2370355774246045
BACFB0475A	35	2.8198267292648285	3.4357482206263708	-3.5621187815766753	3.2592307309805437	-1.6665461495979659	0.5535091889082523	-1.4961120211428067	-0.7991035323588066	0.49409708506138	0.542331297677097	-0.8273238463891229	-1.82068815390234	-0.565358730343419	1.017686790942202	0.5855337279746502	-0.851664263439355	-0.5594799465724596	-0.771541341501219	-0.5047452303321721	0.18049197852295998	0.1896173610579079	0.17638309854035075	-0.09299982436556986	-0.041991522076310496	0.4222920961620957	0.8694818889912349	-0.4313916792362091	-0.5262894848033297	-0.1915181745538595	-0.3182613251526177	0.09516439209279016	-0.40196260549904744	-0.5161707801852258	0.3165336315084842	0.07731937308201348	-0.13758134036744146	0.07668292283117124	-0.34182403881943596	-0.20388682590218418	0.33489745985860014	0.42065711049224674	0.05610713496228566	0.11912356916021556	-0.10114529711649001	0.2800083438643185	0.24017406037385208	-0.23768321507944457	0.037032551153870295	-0.01300081180445663	-0.27438861889132016	-0.013323523604314508	0.6162538159528836	-0.00040499502772046325	0.31625022271032877	0.20955463627299917	0.013576889961651137	0.07650791748207457	-0.22240533172349508	-0.21619664244015988	0.06666870600406026
BACFB0475A	36	-2.881685583804789	5.892680021091338	-2.2228046209243795	0.7060371263617065	2.3127500637988274	0.3933234916242243	-0.5728205272796205	1.4898347362704474	0.5705972470682287	1.1591204957589947	0.8056971739842561	0.24076194333771303	-0.5041186225794926	-2.8695635658545995	0.1728901783821108	1.440757821191146	-0.28392005365574835	-0.5033012199161523	0.9133595396904246	-1.023436088705074	0.27023282428767414	-0.616573010169164	-0.17522092266393416	0.022777144333185784	-0.14305615475146324	-0.28564274688844393	-0.21910385476768537	-0.10363802727686275	-0.36148102738490867	0.07771253820767597	-0.48208150095287117	-0.0754210356054924	0.017732256468943965	0.3252987843306349	-0.05033941544672468	0.5094148818885804	0.6629205814787053	0.2611066601959685	0.16459254855330283	0.4408060291616973	-0.2442160541584978	-0.46744659029321356	-0.5515222618070813	-0.4054314428714482	-0.008740346627410365	0.4474720576279716	0.26597172244243167	0.33827831513663387	0.16869738319104657	-0.14692126778897033	0.13730258597576986	0.03881022908076629	0.1188231498949882	-0.16340063331839097	0.0639493901722918	-0.13279935795623152	0.3537164242088048	-0.13941885115462282	0.002697657255100469	0.3892650054678434
BACFB0475A	37	-3.4476063249132287	2.0788006555046996	2.989593430738541	0.12535030330918992	-2.4504327097267895	-0.41480343985007145	0.20239486617037722	-1.0933687551663007	0.14800344749322647	-0.6859583368313745	0.818855022036614	0.34937769957543363	-1.1277474757334298	0.3200084227580006	0.6151553691935855	-0.5747040090647196	1.2565589984641894	-0.7841212376948559	-0.03401766214363357	-1.0675062864980471	-0.3489914034076023	0.07910958608350649	0.21919429033802917	-0.2412521709780084	-0.4598255208135571	-0.021467008398405846	0.3196678084414232	0.06708992911197509	0.01920144939446489	-0.24320597141584854	-0.116205694821075	1.1692620454255525	-0.21419817488726642	0.1703007730442345	0.08790895567865122	-0.2509190548143823	-0.12023107561273592	0.23445999336415926	-0.35889340396805935	0.03368095331841155	-0.30759336089087125	0.414791056015331	0.2478987709133249	-0.06591176022899445	0.36758253011959946	0.16293490310904835	-0.31671516841936465	0.04396316416129729	-0.6409354799176087	0.036551784898288586	-0.026164218534781705	-0.0026644750649074994	0.21755158552990683	0.3501127767299303	0.04266773944920527	-0.22296286677308821	-0.09003591698009179	0.23906489585653556	-0.12709068028181764	0.3517802881360929
BACFB0475A	38	5.313971823392086	3.8005612240491318	-6.013042643650447	0.4258798660696605	-1.4262565434742958	0.3376988541553232	1.2512990014702061	0.06738305328337645	-0.5105859652662199	-0.10432661200499282	0.5833856118845401	-0.42804845684963444	-0.3238317673870509	0.3043701670097813	0.8165057564472804	0.9477575797669139	1.2779637004589233	0.840770698163329	-0.7559233085404671	1.1480217497555345	0.2923447673502494	-0.2744629843417205	0.4377393251061748	0.8909275265532361	-0.007160246344131026	-0.5038981959458916	-0.11298986081878336	-0.30577166191532207	-0.5535556969053986	-0.8218058116096639	0.8864916436628777	-0.37855970356661395	-0.44355471642072364	-0.07547224681438641	0.21304220057396853	0.1489524312519966	-0.4821973152934582	0.11516229416168403	-0.3739691001013487	-0.15282866289082433	0.14611398407176684	0.01161656527209592	-0.20599315456305772	-0.29864781911702065	0.07053086529735537	0.4447716947502237	0.2577120510768983	-0.22503002770012034	-0.23245975971902683	0.13314298142992378	-0.05110107296126269	0.07916519977379334	-0.2144546604972341	0.26289734818959376	-0.1606343951231935	0.012246810382395548	-0.06178367386863713	0.016717206822658662	-0.0132742866826392	0.07882836612776348
BACFB0475A	39	-2.5652765104675357	3.526317234667646	2.0696029789108654	-2.9577855031329783	-0.8387031258084825	-1.0689625405227572	0.052434620512758955	-0.5979509557648668	-0.12061155118122065	-3.101971026120575	2.045886366998198	1.5221786407082356	1.1005463830034703	-0.04070040540449564	-0.3764687366479919	0.06811923330660796	-0.09060938866131057	0.4321544559355303	-0.5409391425506717	0.4448211982042198	-0.6924149156783778	0.8946196637515921	-0.40768095250638897	-0.9341185995912392	-0.42856363492415195	1.2592095234052911	-0.0168479361857078	-0.44605168139063367	0.24446134589126195	-0.13767693720171978	-0.15673350041856968	0.5795556864777742	0.04495579927293157	0.2110206949190299	0.4002044148757296	0.17590914298060087	-0.1849547244028187	-0.11067764582371786	-0.03861879684724123	-0.06627933069501787	0.5790784376333445	0.023059010658525503	-0.013137077173465154	0.05644698778142359	0.28795069188818617	0.1704281848662177	0.05862856599876757	0.14671568760136006	0.15599642172019756	-0.1488623606927171	-0.36966975485531595	0.17636202086462316	-0.09046959469076048	-0.12146557941101567	-0.05988847675828476	0.08069921288311992	0.06399567677194781	-0.23420901205994474	0.09969644152809697	0.11013715323203828
BACFB0475A	40	0.6582762089528242	-2.6735259027165914	-4.749941016680188	1.1509716294067114	-0.03897068943074422	3.4270250795076147	-0.39901723377327886	-0.6336250236858293	1.1813993842012573	0.3186260224213057	0.6265987330633185	0.7039810150344301	2.088525648919552	-0.4624343650721916	0.10999822733308118	-0.7536110167162277	-0.8570182890698759	0.24978460621157947	-0.12115832668333378	1.2227217125986662	-0.22221368818833379	-0.2528699737083371	-0.44559877056092456	0.07653477574920442	-0.014502300520566051	0.7019962384859685	-0.23612441928341285	0.5820729590122756	-1.278429542977921	0.049076387029188	-0.33928374122792804	-0.22860484140248377	-0.32616964907942547	-0.049824870598366724	0.13577795233297016	0.3508299028980072	0.09792981676937149	-0.2368303808914413	-0.055735471889061174	-0.02036222390056594	-0.4756113019893116	0.09067103105154845	-0.1614345096708593	-0.13992317811561245	-0.07576120685395182	0.02334622366869195	-0.07724379284804328	0.38631302079244384	-0.007731522523045288	0.12306745669606713	0.15694583342891905	-0.12522194280047344	-0.3299852320074857	-0.13073220446912823	-0.2573724201838635	0.1098891100103719	0.0025283879792359263	0.15298002906722452	0.1410556788487946	0.037207180509440496
BACFB0475A	41	2.0764134978830584	0.9261697760876844	-6.8082097049537555	0.300766090174392	1.7365771069178073	-1.3643532392360056	-0.39012694679602794	-0.15013194494972548	-1.3155646955535092	1.5251356730569872	1.292277125818891	1.0055246115660639	-0.2940252011339463	0.884074237048741	0.33910260783504004	0.33143850442615236	1.1469875098618902	0.6436976257210576	-0.29208443516433935	0.4363894957923542	1.160702406497082	0.607896974603545	-1.2647668819984903	-0.6496844181415565	0.4286204521863578	0.4945721319731079	-1.1790218705535156	0.02145045791249087	-0.5913526708997665	-0.7496369133349235	0.6382898859906461	1.0854149262654391	-0.6069096237072449	-0.09496673406336259	-0.01688887473041193	0.08452745748891771	0.16911555244834245	-0.20294153943537535	0.22657599840007975	0.0006044743852127668	-0.05474531031121707	-0.11424435387876086	0.29862452118064753	-0.45688725888581727	0.3817837320424351	0.31395439921506174	0.03086620483824115	-0.06158622202408588	0.24517023085451012	-0.15013493587354038	-0.23737091582084605	-0.03852466297552781	-0.007951714805277777	0.29940164258456853	0.006029432951747141	-0.1906392121023937	0.23575439522045774	0.19863346647027363	-0.2892946918590803	0.11267910616213457
BACFB0475A	42	-1.2721656898703375	-3.7607147761178803	1.7230088334079976	-1.964757188281873	-1.5930165009243622	-1.0214867974606772	0.9886272052288361	0.10644865151555329	0.36849845849255564	1.3557579365276058	0.8654874489780685	0.5508896692838122	-0.4743256188902519	0.03505546803034735	0.05684400763531413	-0.24381212096244628	0.552189485458633	-0.34165567260453134	-0.4044159919880217	-0.3097356631570769	0.39645339617698266	0.1421866279297544	0.6265029814471514	-0.1457792801201191	-0.5035626535140171	0.3035975685512775	-0.05443161059647584	0.04275579634211013	0.46501642744738364	-0.29074018552893993	0.3458918107450391	0.3768765840523438	-0.10227711936648154	0.10176383711290037	-0.19447343450603427	0.28586832838320475	-0.1540581377795594	-0.10180940092999653	-0.014678225150600223	0.010719688978338162	-0.19197114722883746	0.014930854322420223	-0.05546848118883676	-0.3108117523535435	-0.09918336397123596	0.05665932589387821	-0.06096524975816296	-0.08726017142775176	-0.17920959929533808	0.30678939713782544	-0.2727716448194007	-0.16354359070446112	0.0024913088309482783	0.07876286249805899	0.014304550036340912	-0.039361741327369595	0.10169818312539475	-0.3185177086835481	0.03633182606642779	-0.05257831526800409
BACFB0475A	43	2.5695388336387306	-0.4858428459406788	-8.048230827916314	2.1931614163448767	2.1154802431300315	-1.4828132833556489	-0.5809542828603749	0.25536871336092193	0.08165126845947548	0.4158813345945417	0.618183696928719	-0.33510205535103765	-0.9305751044156617	0.9128848553403665	0.5644373030182931	-0.7815033214953481	0.5670364479280343	1.225298032408628	-0.3930454823845705	0.6904588456949204	-0.262076565274009	0.266654005062537	-0.12987933322120937	-0.18185683238451236	0.23172534392778718	0.07885893847905985	-0.5528900346516525	0.20957175938229083	-0.4023656051099901	-0.18280103727189104	0.5987161943295345	0.8499487824302363	-0.30844913497995696	0.16112889186582968	0.10934131253088648	0.006210469716287384	-0.1468082724441029	-0.08835963822274656	0.10366420511623299	-0.3409351007463742	0.09374889082480234	-0.2587786204559886	0.08347780725400283	-0.19133075274688044	0.36014926836482575	0.139442862214573	-0.0330516453102209	0.15154991083915448	0.16819908673308012	-0.056756146154286854	0.06072022974032951	-0.20680764473670052	0.021413877222821103	0.008920318142459487	0.042814902407347505	-0.13921930480639957	-0.2257925302555336	0.1342215495716847	-0.14927945459140737	0.17770406983222042
BACFB0475A	44	2.6971933611521437	-0.7741987588906853	-2.005857515036285	1.1338572421877564	2.109331444995445	2.611142406745578	-1.4064174659367477	-0.2188208552316166	0.5325194457993594	-0.11503340842481953	-1.3107899614800478	0.09761430819339699	-0.3406454405016411	0.6923620319266359	-1.8185401914267996	0.5061345057306786	-0.49566873976984205	0.0912270271921572	-0.17524950548607418	0.5817582761950602	-0.09137871637675657	0.0668578716121064	0.029921884414477865	0.3971755881475511	-0.6274854138097359	-0.29574355364141064	-0.3195447492808205	0.035671563474298874	-0.35979702360533294	-0.19717321490060608	-0.23692370853570746	0.48550680004177676	0.036054300631356645	-0.005223444006543165	-0.31200412400011945	0.20999308109822948	-0.22470870178167462	0.19400165418639276	-0.12128064419130302	-0.2185240502182883	0.06820898749357365	0.5234446842984781	-0.20958140192110863	-0.04725285716255363	0.01661143454818379	0.27242997804723407	-0.20215180007663391	0.15856380339049153	0.24899535856889107	-0.08254321647538544	-0.13770230155165344	-0.02115646432983503	-0.1365062361874967	-0.2689037797603828	0.013250404749600942	-0.09602630804644378	-0.06673652810868201	-0.05032804009772391	0.12534571284473872	-0.1164366826989111
BACFB0475A	45	-1.3340064097839155	-2.8177255633606846	1.9167724768099466	-0.32219317595090563	-2.79233314843522	-0.9717643536803166	0.7669510006434616	-3.51140031705897	-0.5725149265779458	0.4822727805627159	1.2192777072377456	0.9964787307983076	0.7242754150634749	0.4439940186700246	0.8029441881269116	0.895345460286828	-1.5652269372437755	-0.8489366577876376	0.14580215002722494	-0.8526863498592615	-1.289961382907459	1.2063790145236772	0.7785243580390794	0.09353624997715279	0.39021337111725013	0.4522042987233823	0.1773820954301769	-0.21987631621864565	-0.31641940175287975	0.021571682336860114	-0.32684856223729425	-0.2085320475218772	-0.28850312475290635	-0.42060116911798595	-0.3672417993232929	-0.3072384600513411	0.4174252487573419	-0.5199044184701316	-0.24513599751220183	0.3666187730395307	-0.250081597322552	-0.16315612564102455	-0.15197516535661526	0.008288415428581525	0.35543863183656166	-0.18940174477546448	0.16589305479804614	0.08947284452755251	0.2626881714414064	0.40370155300094696	-0.039218593564989274	-0.12437812700948066	0.07683684060302498	-0.05421629897225404	0.011330259315961485	-0.39609092327361395	-0.09803611114793083	0.04553140159587978	-0.27250251249018886	0.1562606510094395
BACFB0475A	46	-1.599121320855779	-0.3685285834801103	-1.8868745897504309	-2.615284685775546	-1.3998168988272983	1.5718662289773508	0.5244293299377374	-2.1579724976579593	0.5496765713277495	0.12564163817110763	0.28138323360228845	-0.36303681948048133	0.2726457435421401	-0.6808786329039784	0.09503264441134053	0.6049098113560328	2.141022423235976	-1.3333762163333989	-0.5911635767240658	-0.49431502110213565	0.47305139149869463	1.5340606564894887	0.30844506076127876	0.2131578313189678	0.5948277950585841	-0.18957598794550706	-0.61211364851379	-0.4431633691325409	-0.09393901648271547	0.7650884243411076	0.6289264459638871	0.8343413478125628	-0.09185488050537295	-0.11993788654623855	-0.2808336769923988	-0.3261195981414674	0.2802095493030195	0.14458479532547763	-0.24270038725454063	-0.05571713139989746	0.07382061819931782	-0.34493125977711175	0.7370985761312314	0.3700420044548193	-0.03778803259327077	-0.4361775928658573	0.6244391267997609	-0.10077785427639688	0.16775814647813472	-0.19533053228310113	0.26572341152110657	0.6648056901494637	-0.20154903862109594	0.1969919003992894	0.5455816678750968	0.05427066123944753	-0.20056640191406183	-0.21060461261877955	0.16185845019427342	0.2514878328283681
BACFB0475A	47	0.9573027210919267	-2.6624860918270694	-1.6989149768253655	-1.6585695364444337	0.5926994871709441	-0.1855144343978057	0.8867991709531231	-1.2353764162841794	2.293877871689985	1.11397233155556	1.2660206705483055	0.5742486245028768	-0.42177976185327776	-0.2710737902728035	0.12102248742007762	-0.64887822326209	0.5043421994256152	-0.5840453608697801	-1.0745975171088389	0.12932434371924115	0.566142271903786	0.6208045671556833	0.7674344361437204	-0.23828432326103371	0.5063962526759148	0.25877836080307615	-0.7144796197902599	-0.036771652418993425	-0.25445532199834736	0.24720629381975084	-0.6729514782661745	-0.4072332945162147	0.24110357695744783	-0.1704823871883069	-0.08836942434174086	-0.16222316466015163	-0.6748538180000326	-0.22989629464748312	0.5385382861924984	0.49420361389757844	-0.23439535466466158	0.48031206895404804	0.15513216324351362	0.7590024776685953	0.0511835326807841	0.21401751881718825	0.04146999652728505	0.4097434889213826	-0.2992824237981695	-0.2458302927758597	-0.02851185372255003	-0.13022430300307516	0.1901185857812609	-0.2095803324122668	0.11126691294020914	-0.16802675602792022	-0.186377115561965	0.15507459593889225	0.01690228411668126	-0.09380182995467173
BACFB0475A	48	-0.5364088515123377	3.6458488860661404	-0.77548129685971	-0.875916894469855	-0.38908797991477817	3.064494113357071	-0.3164399756894951	0.30461793483138816	1.871963255777295	-0.005139035490448244	-0.152718617471583	0.026213761458068346	-0.8584852356781231	-1.4959229331517316	-1.8934308311072918	1.393688137342811	-0.020860391808316975	-0.3683077678034706	-0.22012520340277011	-0.18618992427556605	0.10940716645627994	0.09750882824356595	-0.45685069078206775	0.6146870870460496	0.4734841608785047	-0.03170726553777834	0.13534669651385214	0.021616833313005575	0.19046259855465114	0.0017379389524157338	-0.6016266380162304	-0.3153904886506688	-0.08828479009992177	0.4431425755827603	-0.2765912275472783	0.02174255320800683	-0.7657801636458169	-0.07317564137492251	-0.42851729427969276	0.07779377381965226	-0.03945991193943601	-0.1874413934889738	-0.2841839950422156	0.0860380381110521	-0.25315098575837913	-0.017396365622816563	0.0031511702239141012	0.060632473435858036	0.02835545032693796	0.2347203567529952	-0.08098045215038677	0.049528287949075336	-0.04218024705990403	-0.09452734369540411	0.001795670928898214	0.12890550772467677	-0.030205927742376366	-0.0536344314027004	0.12415885913986828	0.009455681834914837
BACFB0475A	49	-4.755833402365701	4.256113325392279	1.4616799858436018	-0.36856890572033435	0.2108654098166829	-0.06437919520403204	-1.2602608186380375	0.6762259773132512	-0.2028393069498624	-3.1296150914180747	1.6368873776258273	-0.7945101110124727	0.009235441320707298	1.6597761280223764	0.7141874129663579	-1.1443576112923903	-0.07328008285666841	0.7789999706017896	-0.268991357170331	0.177272168370555	-0.6847484403408954	-0.9715988321869253	0.27982515867447816	-0.22685881421069776	-0.9924960029983894	0.5953443510256836	0.30396778879519304	-0.4720143163545877	0.229396572716135	-0.13121092734186365	0.23606327000861363	-0.13898638090356757	0.7389337223001796	-0.5909411519462583	-0.14765978144674238	-0.06775401570933305	0.06807584176599449	0.5700603816175548	0.2923784188591672	-0.11411662697902814	-0.2894684103359198	-0.08645065875976597	-0.25981593094822397	-0.04407150544582062	-0.5738663931738471	0.16412048413104416	0.7254447691184975	0.14814692894579498	-0.03198441588721007	0.11647778524682566	0.1415166628968918	0.07598600502578128	-0.12100594010495098	0.23072743071166435	0.15718684192095372	-0.07396812004657564	0.11575401435361533	-0.25062494332017554	-0.06537234010030334	-0.07736124879323875
BACFB0475A	50	-1.850462678432682	1.7932876566967542	-3.509804424865424	1.3538311006406663	0.6272999867670644	1.4241079313813059	-2.1018897178445473	-2.352359939753292	-1.4104949659573929	0.1260413886643104	0.5695667878174442	-1.7186441439803892	0.9035536335489339	-0.36577804306522216	-0.6379957101973048	0.4682265126135941	1.5521299377553093	0.2678342692339793	1.5486250944740265	0.7236661356353556	-0.8133298709823825	-0.12767753417957678	-0.7134242900191954	-0.03493348156046528	0.20633859293333842	-1.0413486722452105	0.7231725910225378	1.4153092529892377	-0.06753285509176664	0.17484308720514657	0.10965385747569703	0.12053277945290847	-0.4498916780274445	-0.2596431838737295	-0.7874479213879731	-0.9523714996551421	-0.3466565257491218	0.10119699726523085	-0.5863219194428245	-0.2674772105555562	-0.42337000718786594	0.3291779439244983	0.00019472447272678742	0.021646761156227358	-0.13945492443198423	0.36530539465134304	0.08683546623625724	-0.027657905800406876	0.18883911972239248	0.470566535776775	0.09418978809524818	-0.7505273798502303	0.3310035114362507	-0.06823613198549831	0.08867694055750557	-0.12057851243570263	-0.04237837379748431	-0.025471912942835084	-0.21532703889279375	0.016182049431523727
BACFB0475A	51	-3.4859111699423484	-2.035699883672288	1.1102813793565545	-1.426166655203777	-1.074254294729393	0.9948414924477047	2.1777223812719178	0.051349122575543124	0.38452472579252184	-0.5868524798784173	-1.8538579718854982	0.3496410060150553	-1.438319205057482	0.012338625608751513	-0.9234684731146252	0.07337437226847213	0.1059157910335776	-0.29291996138038756	0.3455427569371065	-0.5571083261847353	0.11788169906694705	0.2316989036293887	-0.7167719970547192	0.10141440504083615	-0.33860478440327546	-0.7116621311471542	-0.5111611248626525	-0.41893783261501377	-0.1522061506666084	-0.4029948428184987	0.07848936875686059	-0.2695766801573734	0.19822307739666659	-0.08489474621541813	-0.259005064004238	-0.27623992088495775	0.07715372236309062	0.47588276063116003	-0.13305522637174824	0.05314062603306023	-0.14201061907908863	-0.26044796415667426	-0.02862615100107261	-0.2961243719071623	0.09480136345289808	-0.2841796029721491	0.17251606846718195	-0.04871076419459279	0.05102830663254872	0.1458061554916151	-0.07638938624536093	-0.05638832105982607	-0.3750395051959172	0.098944020463179	-0.015034947485355893	0.07788509892286415	-0.29277183343208674	0.01999132190655987	-0.006625724720413634	-0.1652387693581549
BACFB0475A	52	-3.5814417027625405	-4.477232372672855	2.645121829071608	0.34785396218985665	-0.8073223130927555	-1.137125631529925	1.3902642927262274	0.09724234114556356	-1.1144045977784076	0.14866730324209584	-0.9732878367182037	-2.0843749652443964	0.49496188741768116	-0.47294612925019064	-0.21230445113751245	-0.11164691914394761	-0.078174313248522	-0.0920505631276673	0.2164395244542813	-0.005228780219563523	-0.27570336292235476	-0.6786181854572211	-0.1390540728983093	0.47398711569088675	0.43818705940709873	-0.4220277871725832	0.5703555505484499	-0.25568565658101927	-0.4682827347483119	-0.5219587825418717	-0.06792339573307941	-0.010284035262020904	-0.24568897054160757	0.029027906714716206	-0.11520056712112368	0.22479861557788078	0.2953017917256686	0.03909543680862732	-0.06104555868217973	0.2337844792493243	-0.35319913489037014	-0.0024744645879393413	-0.16258183013147356	0.03655040975583094	-0.3945740227759699	0.01126207893238125	0.01633972362115897	0.07754431813694451	0.26298194573932754	-0.13196118591089998	0.4931174235952824	0.027335357935022918	-0.11781635030724236	0.10137005427657185	0.22434974150073644	0.010044838872135147	0.2517440570423293	-0.1476997772170469	0.37858910903286347	-0.1060200461867635
BACFB0475A	53	-3.8062976462195524	-1.0353668063954504	-1.5249726618875215	-0.6503314160683288	1.4616026529556099	0.4129856120900898	3.2666832671842414	-1.0388283832787804	-2.1426710475125756	-0.48053033384458127	-0.0749375186913754	1.7566511249093977	-0.3533962404563053	-0.9654679317007236	-0.24345826661843772	-0.36200604640740675	-0.2921416647065737	-0.315119785179092	-0.6238806861002768	0.5706507923212806	-0.8349200309364132	0.15223447985905803	-0.20269257476172822	-0.4979461189711353	-0.21904029725528842	0.6381661643589234	0.8370819254325595	-0.22578023526587057	-0.09097835933579448	0.15087657494028556	0.0591338981902456	0.01752015097326094	-0.7667251795773978	-0.6083302161345681	0.43523567485736486	-0.4711949830533962	0.057781649666934214	0.21894796761062663	-0.34769107151862116	-0.2590050995745944	0.2205678378433983	-0.40869809753815367	0.19279407064715104	0.15563118460579486	-0.01672359513505566	0.12150219441107289	0.0922675438575328	-0.10269825414335194	0.4221081276669819	0.04016282069569089	0.12711768658316655	-0.08384695522323349	-0.07705172417770534	-0.20093520763463155	0.11125462969930115	0.25995362870953104	-0.16452256350208097	0.06568513425132733	0.16103919982326056	0.18894111178263703
BACFB0475A	54	-4.013778704841121	5.155144729881494	-4.655047985473625	0.3878346695864865	-1.2582537928466364	1.2029128135701486	-0.4600021604281692	1.1492519311266387	1.8157824768350772	0.395707262420344	0.9172675833904794	-1.14236765708082	-0.22482369803089142	-1.7938889484563643	0.6797514874453828	0.8045541966908963	0.02628865700150704	-0.8860742942638732	0.7450656085690116	0.4688779141895179	-0.6786146057225146	-0.40806049590035165	0.114311039557581	0.21500954596643185	0.21162109360456402	0.08776502383954922	0.34197973658078595	-0.32095231781524125	0.46787100946712756	-0.27794832391657126	0.29001792909364643	-0.240828355792137	-0.15646364948953526	0.09511061965508286	0.9042768308814924	0.5273201744572689	-0.11395693883541345	-0.5101616934810295	0.12803766804717764	0.32573295443694233	0.41209368633979493	-0.33086054047812813	0.5851663040121328	0.24929239589950994	0.12203964123608513	-0.08634990101963157	-0.37711758641275933	-0.32210573868319203	0.28313082705773723	-0.19092762982512199	0.23883242287600018	-0.058411571933531255	0.29343111871470234	0.015898113283684304	0.24277520767360805	0.2449380258087381	0.23386730902992886	0.2293543943275508	-0.027294172196657786	-0.05705880957747912
BACFB0475A	55	-1.807692813277394	-0.016043034809346306	-5.9929087834128385	-1.261924483984995	-2.128880528237403	-0.946154357583705	-0.9768203923050047	-1.2073356453044877	-0.8486002786302503	0.2220782315277901	2.283849031996003	-0.5175588340329264	-0.7880323087186205	-1.21785979057203	0.3942020855990717	0.013655082859323096	-0.6740317908207442	0.9386039207861334	-0.37873451735446395	0.7288221163447572	0.25614563283086866	-0.7973345659766133	-0.3495087138254373	-0.3051633617547526	0.0510360994425879	-0.8552371874276249	-0.4392028724556769	0.11865128873539023	0.26574276871253033	-0.17248821854947072	-0.1610164904840341	-0.0015356464246347396	-0.3323300644463741	-0.06108293033674593	0.07454597208765658	0.6484525521689847	0.40723257704957533	-0.296749175729842	0.0039796668102356336	-0.5860599785283404	0.034306606527799495	0.3010570573954426	-0.09642640598612362	-0.026140336504716102	-0.4247105427847019	-0.11727534144210934	-0.03242790950730642	0.1716369352871549	0.22551663903462657	-1.9389933164656133e-05	0.03712635467355072	0.18189120840535744	-0.046594013860454836	0.045395657071019724	-0.0986936504462719	0.013623582991310045	-0.05247699831780938	0.1069257852712808	0.06464719628343617	0.03359323748484476
BACFB0475A	56	-2.4401942657669395	3.435998503611544	-2.757870561958248	0.8882925068046993	-3.719368302256838	1.3163791051496563	0.2728338618931302	0.22506759446709323	-0.2717924138107057	1.039393645599815	1.8010908233908776	-0.06916566643424861	-0.3221392949497779	-0.3388510944005929	0.5857408807572432	-0.20507603233064642	1.0411562544833168	-0.12833393764320933	-0.4888772685366369	0.8842505283134189	-1.3251290581132655	-0.2984167711150844	-0.0724692565264584	0.39996048773013165	-0.3155252410546901	0.08265958349764053	-0.42788974088532183	0.10232200507803922	0.9613371637315004	0.0569489165670337	0.5042826948837463	-0.008035192964344066	-0.01947071225830472	-0.13661400052179992	0.5516342141597195	0.6675969712190467	-0.2647181043611369	-0.15542487629330534	-0.14910947602905303	0.5348575549719284	0.13902856691787863	-0.23636999378786144	0.2818659481627741	-0.2748652364580497	0.2952807344386637	-0.04250164401095508	-0.29348618396108267	-0.02085939016034355	0.037765121471889825	-0.3514535777911071	0.17498059377831543	0.09108614295838816	-0.07243020023470113	0.08671193112131906	-0.15677048530100762	0.0836492884188374	-0.27360576888815386	-0.146359707216739	-0.02009175387895132	0.10191421454089537
BACFB0475A	57	1.218958387302168	-4.481800043700829	-3.462403549434345	0.8181754307315505	-1.0353051201272867	1.5859770271442246	0.2618821515185548	-0.7764531040947593	-0.5413034417082695	0.3885441533719918	-1.2933273148364555	-1.2960392024229317	-0.6790226024363429	0.6060612771392547	1.1271124206574672	-0.7374068343315968	-0.3662158677554364	-0.9549294122486665	-0.32092656714404477	0.6072939835422115	-0.28275266415794065	-0.24169928374437644	-0.2362375207411244	-0.4192756161940799	-0.06625676637983441	0.5378639045045771	0.053880736052632425	0.004724572564251923	-0.47058967753594066	0.29929590676156703	-0.7669796135550041	0.22580433037219969	0.04611148736536841	-0.07780628381222597	-0.2607311380997656	-0.3150927286149362	-0.1023614191338606	0.3616712950701902	-0.03614485612381206	-0.027615634951692187	-0.026716661309862045	-0.029543730231014233	0.31505173174417034	0.20423074094253474	0.09827056908220999	0.47111380546424153	-0.08691132489729925	0.15379649973211026	0.19278062768003681	-0.05353914794148732	-0.19418854710346828	0.3155991447081547	-0.17767846880313906	-0.169314121664808	-0.21381661669712465	0.10499278531650584	0.09438248641317924	-0.20786714064894676	-0.007184221609364555	0.1354769145584243
BACFB0475A	58	-3.554515260260886	-2.9509521942505255	-0.02950576669637743	-1.1648799686700115	1.2724681712366879	0.1350410209860532	2.7790279904333075	1.9915799235486118	0.8750986767771626	-0.8546955543147755	-0.7148669521951655	1.249303020414508	-1.2801657671911004	-1.7172824000405813	-0.2230842563060753	0.03323935181116466	0.5567541618847376	0.14484781040790448	-0.9799612435812035	0.19358650059547383	0.2750438729289027	0.5580915014546352	-0.5571654509994951	-0.20425978730365466	-0.33117292775451806	-0.06800024884974376	-0.4749607796632907	-0.37191592548283425	0.5445236073461489	-0.0032377135359009514	-0.07907696581825147	-0.35337994281822066	-0.30590817190533	0.376217774853305	-0.06420295037724964	-0.13397746684738593	0.4111157404339585	-0.6686457742950586	-0.14305737453455097	-0.15359523278872153	-0.02971224016477406	0.05973034121367653	0.09800273569538064	-0.4326732393543818	0.53465900544175	0.2266681767051186	-0.31335762768383557	-0.08691486942280434	-0.24441156820497167	-0.2690962941764025	0.14882921411075772	-0.09037051201148787	0.1573281543567784	-0.1586938606515397	-0.21508055965381523	-0.05954758049688724	0.13465750608202093	0.03236296908482995	-0.238016624476215	0.1184522969954239
BACFB0475A	59	-1.146189584143021	-2.9067342639070297	-4.991601974793834	-0.7099405604809477	1.552258038958927	-0.8398707545131794	2.1343201759563484	-1.2908115495988501	0.669775316949174	-0.010209451596400293	-0.900424475774253	0.3776364962672955	0.13953082988065185	-0.8315229348167578	-0.043759792200693766	-0.6902338128453033	0.13503111030444653	-0.22051726516568784	-1.0645622056456914	0.8626206786849125	0.5203105030732614	-0.10727111541919161	0.20031988527679934	-0.22405624002233593	0.4991558079163549	0.5094261665880057	-1.3282292395644921	0.4995123598168951	0.8291296578334343	-0.23751967466595242	-0.3624107198083644	0.01348226269569802	0.07828549650535599	-0.13262030576435851	-0.412585570982184	-0.3478854667953804	0.48185279075086035	-0.39611758435314287	-0.14611728539094046	0.06648849337413001	-0.36009891934294175	0.03989677563658638	0.3984948476278704	0.24058564895047946	0.17384468382943216	0.2196873451526165	-0.37816518639494145	-0.07889163426046959	-0.11669397578025263	-0.04640454029554016	-0.2974492068156037	0.15714888142948763	-0.07081776535889216	0.029715408983712208	0.11994532221170433	-0.023876515141087636	0.013842387621526462	-0.09107212593161366	0.19240446222819374	-0.011074056620966907
BACFB0475A	60	-4.702402099628703	0.7417422129186176	-0.6855293976763661	-2.098053778837774	-0.7515896487684782	-0.06626769538750421	0.0016553247779096166	-0.9671385906842515	-1.421631168883154	-0.7614054068202978	-0.043800758397675076	2.0734257517750576	-1.37664117932291	-0.14638955975198154	-0.23921584057072862	-1.0008042219171067	0.40155100775340896	0.3862137638760506	-0.419460777444224	0.4139897060241406	0.3103164114994509	0.2094001527336965	0.9163453211395128	-0.4579415378486555	-0.43637174708159615	-0.4716658559226983	-0.4957298377653229	-0.10945907121074182	-0.1504437154468007	-0.03369049077678276	-0.27280192411609655	0.36026288800923195	0.019361882491468616	0.04055306205824108	-0.1345251286920036	-0.21040746676781355	-0.1493983282250433	-0.7799622592847872	-0.3488522270248625	0.30030232223522046	0.10872972525083943	0.25598494262577054	0.04420546526078844	0.3888386300655119	0.17782408533046956	-0.07119862852732506	0.20750302390927602	0.2028656871354055	0.06621807723492183	0.28870137881628466	0.4089117123392525	-0.06878906000523069	0.05808495223163106	0.13791375048068422	-0.2979587377106501	0.19678610326150384	0.2524493566516173	0.1361752831104299	0.06116774590933427	0.06883565056053813
BACFB0475A	61	-0.31225934547460477	-0.8083664922425311	-1.9396416328120178	-0.28939909228699456	-0.900452332908799	3.8794294080221206	-0.44974064719990436	-0.59860080719967	0.3403935492821889	0.1419857351900992	-0.23050029979101402	0.10571485955360996	-0.1909645719991199	-0.804085050982214	-0.8869556188222972	-0.2725720191132537	-0.15729686275740495	-0.10249996696335936	0.4044000515809927	-0.5656592471967197	-0.30070647386625055	0.014539521484204239	0.1135388079262568	-0.18028059310785238	-0.3176166976596165	0.07831240460948932	0.009118624453058248	-0.1530073708092084	0.13867073148833126	-0.4454470757056718	-0.00844805081354557	0.23057385074987208	-0.16616438084299168	0.1437794714389829	-0.030177833266479062	-0.3282352729849079	-0.41927579819878696	0.22319105424093388	-0.0537336253739099	-0.1958225866777361	-0.22067897994920369	0.16601227525243037	0.09291154085954623	0.03509193552421098	0.07795704470267681	-0.051423326070468046	-0.012015243587382728	0.03986031958231058	-0.08573441335370624	0.10202752427828923	-0.14208645198283382	-0.13947472086878698	-0.05363365805634419	0.15388686335360816	-0.019724460525202017	-0.028985616733723726	0.15502582176979132	-0.03660127907890139	0.04368606534677871	0.1932229891952956
