Source Name	Cell ID	Centroids RAW X	Centroids RAW Y	Centroids RAW Z	Centroids TFOR X	Centroids TFOR Y	Centroids TFOR Z	Longest Extension	Major Axis Length	Major/Medium Axis Eccentricity	Major/Minor Axis Eccentricity	Medium Axis Length	Medium/Minor Axis Eccentricity	Minor Axis Length	Orientation along X	Orientation along Y	Orientation along Z	Roundness (Smoothness)	Sphericity	Surface Area	Volume	X Axis Length	Y Axis Length	Y/X Aspect Ratio	Z Axis Length	Z/X Aspect Ratio	Z/Y Aspect Ratio
BACFB0475A	1	70.05471951219512	44.47802134146342	9.18609571322986	-64.28200873325912	6.1475952472356115	-1.4583470689452338	8.222685281124047	12.881762160480772	0.7660472702548913	0.9170840991777532	8.280193705622917	0.784395721669217	5.135878849864041	0.20859396770251815	-0.7336082385370858	0.6467669665255291	0.8604767777900285	0.7481057603898189	249.83579071394246	214.82419860000005	8.085187518867663	9.80115061534395	1.212235411049144	11.877535098634178	1.469048809432887	1.2118510943031113
BACFB0475A	2	76.74197663021003	54.06370914466217	9.786639800793658	-58.65478294657067	14.924299243782936	3.858538158945352	6.5585168944357575	11.784684959265554	0.4930515622317532	0.8638500178695008	10.252676977761896	0.8153120006156532	5.936524335290947	0.06656044959772513	-0.915175687992052	0.3975212782451062	0.8406299351879571	0.7884057391249296	280.3915314626658	250.62602647500003	9.658481452631229	11.139384105933775	1.1533266549783672	6.361669767180961	0.6586614881833078	0.5710970828083933
BACFB0475A	3	87.51332608338356	45.24769698131814	8.52034186161179	-46.99344558387581	8.637392788247618	-0.5951758092112298	5.326715731524598	9.016604014378348	0.25815393796039315	0.8944458254366744	9.332955789330782	0.8864284119050432	4.173476868321803	0.16425649227900496	-0.5498128736678348	0.8189783933006505	0.8788607186350554	0.8024430289995983	204.53981390387403	161.00788770000003	9.504660053559505	5.395663124253449	0.567686071237526	8.793576974634224	0.925185848318796	1.6297490729373352
BACFB0475A	4	92.19432111529846	40.328626085025505	9.855758881043975	-41.84248208352268	4.077841198065571	-1.350408158791504	7.020761910878782	11.590716909074004	0.6469960105278016	0.7540943728407591	8.837844972038543	0.5080288908509862	7.612389647093696	-0.2650581927747178	-0.40724596205073144	0.874010801327063	0.8755547015341747	0.8448330567806759	316.9059443114863	337.63538407500005	8.78937108210706	8.931252975636909	1.0161424397951162	11.470144467684653	1.3050017299912358	1.2842704712287796
BACFB0475A	5	68.93751718677342	47.25660801588599	9.419906493898225	-65.68998459100116	8.401099731012945	-0.057392412300675405	8.5828903798817	12.609781158424626	0.6807550151435895	0.9125148260347996	9.236805508332663	0.8295632072895334	5.157950674317445	0.14571660797024788	-0.869230933337224	0.4724449753054249	0.8050471486612295	0.7570633749413734	246.0636797074773	175.46313757500002	9.26582472571441	11.297550920522216	1.21927095050367	11.208390114630014	1.209648406528198	0.9921079527306896
BACFB0475A	6	72.55717657458564	41.40580657993228	9.294512208162539	-61.47145757325019	3.596682138097226	-2.6012353019102648	7.822611404311642	12.813622471240032	0.6025204733406663	0.7186179006452713	10.22659599868334	0.4907115456409496	8.910658966604442	0.039183462817348025	-0.4897476618430596	0.870983285695482	0.8055587194995159	0.8094227267228602	336.7884619414847	309.337936875	9.681398786081438	10.085013003069989	1.0416896593051008	12.443984054492976	1.2853498063093112	1.2339085780756942
BACFB0475A	7	68.23073626895062	37.87093904956227	9.908101615696696	-65.41033976178214	-0.1833413383090159	-3.9378338800963095	8.042125752613885	12.531291017368305	0.67558737618564	0.8024564268213916	9.239069380732936	0.5873393318696517	7.477555682249604	0.1559766543310339	0.018224197268140847	0.9875926092967835	0.8382993837879217	0.8194945449032178	301.91692784536633	278.84408557500007	7.464240824317827	9.184542092549524	1.2304723693569894	12.27732049104342	1.6448183787217867	1.336737353624058
BACFB0475A	8	85.9460775387786	41.30089749204188	9.582111478094468	-48.15297318449922	4.5250516202020385	-1.5464879496749198	6.297923907283173	10.885606064403143	0.48119897915716753	0.8191498292876117	9.542446346186395	0.7562224926766087	6.243761568780009	0.5147338141745813	-0.02705990610086829	0.8569229031990565	0.8620013413145754	0.8101905969172603	270.10425139066865	239.69472615000004	8.963848558489701	7.433004596836637	0.8292202337350741	11.031037622405863	1.2306140103134962	1.484061724797061
BACFB0475A	9	64.15350520031753	41.095512344678994	9.356064404555543	-69.79529107871907	2.5702719108487586	-3.2193304164670224	9.076113931068951	13.910060407866483	0.7817263439525898	0.8696028047649528	8.674614386212788	0.6108462895092396	6.868119082173663	0.562922360338658	-0.2419809304787647	0.7902933920484122	0.8369386873349374	0.7969110414011115	291.5556665189225	272.24384715	10.010454115851829	8.752150230139593	0.8743010186001775	12.303859713836026	1.229101054901448	1.4058099313087071
BACFB0475A	10	67.39334786235662	49.14922349669795	11.666508515815087	-67.46271694924259	8.910606515605828	2.7015015197049546	9.135409015341542	13.405472053041809	0.40501611374637836	0.8992452746592932	12.256751079187989	0.878118743754865	5.864153779990586	0.8293533824219599	0.34426976334607023	-0.4400582883106453	0.800865547478198	0.7560324568647624	361.97884638242493	285.49945462500006	12.902455222169884	10.414923602852058	0.8072047857183353	10.045471860981905	0.7785705656797077	0.9645266968862853
BACFB0475A	11	80.82085625292011	43.117300109017286	9.67415706276281	-53.44209211053524	5.647590281724943	-0.9626968695247894	8.768977583196344	13.095591714480644	0.7204364601061422	0.8366159067506446	9.082067195883393	0.6132769993465588	7.173633473727968	-0.738482448906067	-0.5040256225791491	0.44788597258833557	0.8352157731124943	0.7926797467025153	279.7616051195476	254.87549505000004	10.260792515058185	8.921795902857916	0.8695035875410959	10.816563425740743	1.054164520904885	1.2123751253125927
BACFB0475A	12	76.51582593577419	46.492477602781754	10.293104650514142	-58.089061770193325	7.977328887411222	0.8500900108710066	8.702147996967547	14.867788080045745	0.787530390281973	0.8727006798548245	9.16265826728312	0.6101733049445527	7.259280674737109	-0.27581704836885435	-0.8929347560315204	0.3557983660727269	0.7862499742216997	0.7412347806745314	292.73132213923725	237.18959055000005	11.479386439039232	11.48459310875868	1.00045356689986	10.160896895641097	0.8851428558137742	0.8847415663243592
BACFB0475A	13	47.136474898446465	42.88678731123446	10.743579645880493	-86.92718745207986	2.051832349847937	-2.248489585263374	8.280377129792193	13.229443168308185	0.8451616315041262	0.8590688163000781	7.0712805152464036	0.2880230678396094	6.771624192097526	-0.17050225081346773	-0.38210618043866873	0.9082531857021549	0.839463014213435	0.7969531577991957	234.2421372846847	213.34890307500004	8.15551828097179	7.023069747413096	0.8611432781407787	11.577710879296074	1.4196168140912442	1.6485256868708518
BACFB0475A	14	64.0366279925895	45.53050054383554	10.763893503854659	-70.40316587711563	5.835821346238305	0.04125825671437408	8.25102469814229	13.488570561247613	0.8007999703572	0.9180340330880412	8.078735044072367	0.7494910297720183	5.348239729125199	0.6499561064826057	-0.5888785098496813	0.4803947962698914	0.8333908019023106	0.7227960990709008	236.6506538848058	184.50014962500003	9.477685913903642	9.090250311514108	0.9591212869988474	11.134429874378812	1.174804691306002	1.2248760477228506
BACFB0475A	15	79.12829202968587	37.65186450536504	11.252793631085497	-54.57460523987389	-0.055654432661817244	-2.1536070852769362	8.68187348275879	16.03508487155802	0.6988897564192765	0.7008047496500481	11.46876428574341	0.0723860513529432	11.43867814913764	0.4205033549325742	-0.8749069397980669	-0.24023899596783038	0.8256325343105675	0.8194688224195568	537.9158929629652	625.1856979500001	11.406859889567514	14.99719536173571	1.3147523075523917	11.008477028126947	0.9650751508042175	0.7340357155188031
BACFB0475A	16	96.05119807367979	43.71908403604933	9.651858464214188	-38.36210091992636	7.501696031769752	0.25472280270081393	7.1800567396633035	12.16980462610592	0.7748593422802077	0.9047260126816559	7.692943482239769	0.7388239357703882	5.18426309398831	-0.850210084849831	-0.3016847475253501	0.4314268474842625	0.848937389420932	0.7999253505352876	217.25631107525078	167.36775660000004	11.34983585569978	5.571179800860043	0.49085994473323147	7.639110304062264	0.67305909981297	1.3711835871610152
BACFB0475A	17	55.562409953951935	47.1860105658235	12.96569892133981	-79.04048900977622	5.559363637162175	2.2141025062726776	8.210582887702836	13.743741081019127	0.7603031228071175	0.9258419505863281	8.927500487675156	0.8133406697485235	5.193910183103814	-0.6766810738718005	-0.555852093957182	0.48283659130923645	0.8208309993340419	0.702230704767598	276.0586237564997	209.75659155000002	9.569962658844304	10.533527025892562	1.1006863246386607	11.244582466848756	1.1749870786023198	1.067504022081905
BACFB0475A	18	60.40538004780476	47.28473078374638	12.446934434291334	-74.22697387241256	6.301855526102846	2.1045606346870027	8.738765183876716	14.656620089136272	0.890423446235437	0.9173337860444746	6.670712094239545	0.48460878018744524	5.835078690663865	-0.16847886055206063	-0.8883724546011621	0.42709396560123125	0.8419731892085207	0.713009546440132	246.89558446818856	192.82266877500004	6.013669300839723	12.841430733237567	2.1353736114894852	10.791316570131103	1.7944645823181946	0.8403515771961345
BACFB0475A	19	97.8045773939826	38.00972272565291	10.470624077279439	-36.029921412521766	2.2282870100598284	-1.5041458045708314	5.9996788990625705	9.385770385258432	0.6375140886020193	0.7102124133654477	7.231160712044051	0.4062795824446777	6.6074645474320555	-0.5278332344300952	-0.23855938914174307	0.8151573433904539	0.8635882978207718	0.8458069255631303	206.27144469661553	173.26893870000004	6.801335394237952	6.9694589811778265	1.0247192025087173	8.877087080512357	1.3051976657456075	1.2737125083146905
BACFB0475A	20	50.27443566176471	46.433205882352944	12.03129125584893	-84.20306920565027	4.867097283416335	0.7071062527083694	8.797566497885885	14.993807459315857	0.7143317514901886	0.9043977085332535	10.492774754408337	0.7926124382126074	6.397715237026784	-0.6082806007848706	-0.6279990014647291	0.48539876891901984	0.8315252285232775	0.7543424304321423	333.619023328358	316.70559360000004	10.649821546226889	10.750118377212507	1.009417700620641	12.226923676969323	1.148087188493894	1.1373757244280458
BACFB0475A	21	74.8878287716046	35.48646030750777	11.103821356523635	-58.559753109142335	-2.267309042327674	-3.539203371874183	7.077887883523567	11.200523654010063	0.6428746663675506	0.8242560682465413	8.57928062113446	0.6734699753246025	6.341929303945168	-0.18482787726044436	0.22175638643230083	0.9574250680151873	0.8809091073263831	0.8537047108676373	243.29010013560904	242.67619035000004	6.727623279992663	8.094507130735124	1.2031748499960526	11.094316747029096	1.6490692604656654	1.3705981806975733
BACFB0475A	22	61.0277830915051	42.27960033542551	11.918655502757098	-73.07103883642296	2.172007787891906	-0.6020916951819055	10.813750085311527	17.042862249364926	0.8597506041110253	0.8953327747644552	8.704030168433732	0.4893135495469463	7.590853776070052	0.88096898705557	-0.21571751786631196	0.4211408271966517	0.7655917358235045	0.6772811762395099	329.678573065707	260.34665827500004	14.354322865967127	10.13826323505415	0.7062864148814088	10.991968107551228	0.7657601274674019	1.084206224745211
BACFB0475A	23	43.98710792459379	47.04692244614617	12.067374232596482	-90.51977073643039	4.851727942265886	0.6205867122761555	7.673630634850613	13.105127263835476	0.5791865806877468	0.884340838147183	10.683234354288384	0.8197824858919903	6.118021422254939	0.7726810579968645	0.17015303069431503	-0.6115651467819152	0.8467841537936129	0.7951548026733855	320.93752312866906	304.96277047500007	11.97884137485103	10.048441878661674	0.8388492312585313	10.719735983140012	0.8948892173867128	1.06680579064739
BACFB0475A	24	58.39513131683791	50.27694448521703	12.686029238309919	-76.54551709496808	8.664925254649887	3.550889748027977	7.709224964722245	13.926146988594827	0.7791275914080522	0.9466027823646962	8.729819331348608	0.8576052505929626	4.489820293920696	-0.12270800517544912	-0.8613999747764215	0.49288216535095103	0.8204411286932448	0.7209380599631772	236.42507031466118	168.26748840000002	9.442979611367079	10.415260601830909	1.102963368605968	8.971331525581574	0.9500530441453295	0.8613640952972886
BACFB0475A	25	41.3429663057776	42.39864464231509	11.083170595972884	-92.64169509720209	0.9653507313661929	-2.535381827182185	7.527995744039497	11.751472474564267	0.658228692816553	0.8236903463939491	8.846720370856438	0.6577652206886149	6.663553414833165	0.23309507863576756	-0.26426619121749456	0.935857929653419	0.7891973367579802	0.7883783964907277	236.04403092066218	196.14814807500002	9.314229886979788	8.78598257829925	0.9432859919617221	10.37879898788102	1.1142949136771227	1.181290640561468
BACFB0475A	26	54.797302124594886	43.86850885760208	13.664470124805677	-79.46280030719598	2.239180085393702	1.2773404660370768	7.783961907302408	14.73205326048723	0.7435692871608679	0.9302332754607986	9.850718424808509	0.8359451061317483	5.406202964168148	-0.7986966649158034	-0.2608732503339962	0.5422442113223054	0.8287599509225142	0.7207284857253256	293.2770882082766	251.08030282500005	10.505569306235614	8.149495566510257	0.7757309793456979	13.196187045415979	1.256113463321149	1.6192642768768073
BACFB0475A	27	52.1561312711527	50.495793313259014	13.511383261994824	-82.78572364610756	7.9423058894076135	3.9889183956081986	6.690606702815123	12.419287536440107	0.7002437933765341	0.9348717376110274	8.866176514961836	0.8676096990561456	4.408669252423659	-0.07715824905315487	-0.9157758039935079	0.394209692198322	0.8564728154428652	0.749251416639702	236.53680787602462	177.2295228	9.402774595420269	10.424194061631063	1.1086295811779099	8.860834727771142	0.9423638350415116	0.8500258797354638
BACFB0475A	28	101.40903676047164	40.64847158002058	12.73699789481634	-32.76258546604505	3.83193733393011	1.9374228164980472	7.583138083485864	13.683301953373903	0.7845940824649561	0.9054381248518485	8.483781016850177	0.7288892978704714	5.808264346899691	0.9709676167985479	0.11243420127002224	-0.2111408002100027	0.8418670064367582	0.754527711078602	281.82173035277094	233.59727902500003	13.140248880111606	9.352089444270277	0.7117132658290142	8.93285960057491	0.6798090113875407	0.9551726011397147
BACFB0475A	29	53.88195441511344	39.717607691658934	12.136024078603358	-79.90920032600184	-0.8087019865298749	-2.0264650872135346	11.167334941879464	16.918414066912597	0.8496532356881815	0.9286586646154945	8.921787008317299	0.7107882400148622	6.27563900082515	-0.7582679568821822	0.013431040724929809	0.6518046583990992	0.8127387293497368	0.7270947898456275	295.0123685281809	261.47352825	13.375396576092669	8.358170801841048	0.6248914381185926	12.380518658384172	0.9256188097266026	1.4812473867675837
BACFB0475A	30	43.07028846868142	50.157417052169514	12.091995610332601	-91.76003410673823	7.511997127419127	1.9993743884170874	7.232572167728694	13.45924870041802	0.7205634726783783	0.9329246311102743	9.332494769257687	0.8545965655483732	4.846294626198344	-0.8961432476270323	-0.16893072906783388	-0.4103531265984036	0.8299063236828278	0.7635518940451849	266.2818256509109	195.92321512500004	12.98193345756792	7.6137919201837185	0.586491368567692	8.592963034483972	0.6619170451435827	1.1286049217741987
BACFB0475A	31	33.43279546372614	44.52772668047546	13.228720208678912	-100.76723860933592	1.1820588400860648	-0.1614070075439762	6.847875197506075	11.716680559170227	0.406751323513176	0.8812800224945004	10.703643719820203	0.8557903845510166	5.5372383011445985	0.784259026994473	0.3608078852120201	0.5047330468143651	0.8612961503708619	0.8139289366746854	286.95701203155386	256.580133975	10.245193083373152	9.564781054470641	0.9335871931972911	9.646234018184545	0.9415375522633485	1.0085159255867997
BACFB0475A	32	86.62467273820057	35.943698949863936	11.921819540210697	-46.952085541437114	-1.227561607603836	-1.8621006885453593	7.380231198690372	12.36459762009391	0.1648698759786492	0.8195141275509256	12.195392143129204	0.8138964820255192	7.085643702285953	-0.7381216485064278	-0.07022320628420002	0.6710030799521863	0.8618914826258697	0.8273346360535679	395.0571259989074	396.25908547500006	11.112908525481899	11.570021410243946	1.0411335055727209	10.544567613051194	0.9488575910503089	0.9113697580295894
BACFB0475A	33	105.31533795970955	37.0765764230499	13.152339540876085	-28.508637566952316	0.819211935581722	0.9286881137833738	8.291462891672062	13.99220744135362	0.4632763796100361	0.8969517131338435	12.400088091047117	0.8666618814575122	6.186353906006683	-0.9762284104844831	-0.07875939576784101	0.20192832426686544	0.827973317503663	0.8025691824321062	347.1674871227053	338.90779890000005	14.658923931016922	7.899699211488379	0.5389003482563511	10.118441712301145	0.6902581499104079	1.2808641748772018
BACFB0475A	34	34.88005357163994	49.428675705746585	13.848311238681424	-99.85589916123328	5.356125118105624	2.7098961009278097	8.821265392587087	15.303864999040304	0.8185027896630942	0.9657528433635674	8.792109511520128	0.8922042882412754	3.9707984372237815	-0.943933357426957	-0.3286699175643144	-0.031078964347915627	0.8465294527101372	0.7469133754393293	268.97518891945185	186.30843412500002	13.535695463859327	9.207366195183717	0.6802285275823199	7.166603815021681	0.529459593277398	0.7783554670357806
BACFB0475A	35	29.35301269278497	46.30271710689594	12.577105123205106	-105.00006908681291	2.699324887393016	-0.19091263753358811	7.3234668743634295	11.705379079358767	0.6731920690912393	0.8769135745077494	8.655749419112073	0.7599410327891407	5.626168053668621	0.9162941587359229	0.36127157768753654	0.1728810626459281	0.8328383986140414	0.7907762655943471	228.5937042444321	186.59511337500004	11.235431570949515	8.152854923297683	0.7256378957776589	7.377604705695518	0.6566374116657123	0.9049105834832407
BACFB0475A	36	63.474809746780856	37.24400548333436	12.943980654303493	-70.12375565291879	-2.540667320045811	-1.8271067137381336	8.604115768015294	15.030749088867232	0.8671463710494243	0.889233519109085	7.486115415503338	0.3954605407178431	6.8758694984050255	0.768576403693052	0.13134490412605443	0.6261300406835406	0.8773285498359256	0.7514921711561569	327.77086120937	322.13706277500006	12.294283696662099	6.883630464382664	0.5599049634954797	12.604181442549914	1.0252066532328314	1.8310369081789863
BACFB0475A	37	70.88676018335431	34.228807765594105	13.459469261190005	-62.44466510729839	-4.805154596665124	-2.2718772403133545	6.665461415972352	11.027396220300623	0.6389510496379247	0.7919703659360405	8.482795826508742	0.6082960349126577	6.732881851632392	-0.15681934650669108	0.483013472843178	0.8614555575380467	0.8715336244061067	0.8184173770734671	265.3002458561405	245.35333350000005	7.0606384998876806	8.808656504476835	1.2475722280098267	11.429139585382575	1.618711903401426	1.2974895297113618
BACFB0475A	38	22.556012459642584	46.48768118775863	14.294032786139784	-111.80644951931475	1.489490548036097	0.9883883247598471	5.914772097265181	11.224792502084874	0.43744961164729207	0.9541535306423663	10.093815236519923	0.9429779742714294	3.359778220223917	0.722945658741726	0.6859183988853206	-0.08285846110742086	0.8660866923562248	0.781192483846974	212.26214970267077	145.48530892500003	9.460730425783538	8.481464597708836	0.8964915197873213	6.269360689559188	0.6626719510444099	0.7391837361736768
BACFB0475A	39	68.03198543259063	31.89310720209209	15.410392223109529	-65.06928592677878	-8.011813858464814	-1.7819401668532335	7.130582412357748	12.010321644575722	0.6063372859633211	0.8297688631242592	9.550698812732179	0.7123362327817627	6.703046845325776	-0.48706609416636787	0.5864216480844144	-0.6472065130786911	0.8230810352619744	0.8024218682262534	281.06291923044773	251.29200442500004	8.810899019797617	9.390938948279452	1.065832093544429	10.917560398160333	1.23909721058307	1.162563238701555
BACFB0475A	40	124.29884881014064	33.54268001868164	13.717933089109923	-9.270344381260621	-0.9303304041724934	1.024505491234804	8.002800232944768	15.068590984945343	0.7308459899963894	0.9084668981990484	10.284952378104279	0.7905845618907968	6.298020216580601	-0.8203276685931592	-0.3929862848686976	0.4154808010553687	0.8154084184703979	0.7787283252948323	313.7522014647836	302.18859742500007	14.370542281768977	10.204563789671502	0.7101029028401666	6.146496163361237	0.4277149771278234	0.6023281631677763
BACFB0475A	41	21.3188616119403	43.64682841791045	13.626880597014926	-112.72550980556386	-0.8229607419351654	-0.9747662654669709	7.33566225759716	14.059900867478918	0.8336432949018803	0.9446595423449544	7.765328649818027	0.8044861097272981	4.612383621406453	-0.9908642344586347	-0.1104262802088721	0.07742160880487767	0.8317826421999435	0.7241848014926342	229.77852824895368	166.21883437500003	14.200383486678788	6.125197444119049	0.4313402838638143	6.382589159116824	0.44946597147212647	1.0420217825377862
BACFB0475A	42	48.9792636775101	39.29980181585401	13.992353848095789	-84.77083898979978	-2.4523805143981	-0.8776879847117016	6.898873083181303	12.353130226522293	0.7763696364628597	0.875793561925664	7.785904549841094	0.6430427847112091	5.962681254394424	-0.45559522720902496	0.16114312287368276	0.8754803726497095	0.8964266364402811	0.8180421473232228	261.55753995668823	244.58591520000004	9.453849741284671	7.539652202268424	0.7975218993954383	10.858020407002112	1.1485289806950782	1.4401221854418305
BACFB0475A	43	11.023541657191586	45.88930987777146	14.267938814667426	-123.20929348205357	-0.020904359755263613	-0.03653543498866618	7.422770267884053	14.243679688397602	0.92969467239367	0.9646472100156406	5.246390534359131	0.6986024743386964	3.753844974637234	-0.9602204956823363	-0.23238703035749222	0.154831740264051	0.9078163459213999	0.6752943261804478	209.2251647350475	155.15963100000002	13.826519244081823	5.455372023524811	0.3945585962179078	4.9917182548990695	0.36102493814816616	0.9150096883170642
BACFB0475A	44	114.1834248327739	35.216812712805776	14.64009653232233	-19.519990827514	-0.7443716339949589	1.965289737498682	7.427049189951067	14.45019225823763	0.7089427193456547	0.8621609303629962	10.19123021449396	0.6956721628741018	7.3209661231112335	0.8526846823552555	0.47455269916513354	-0.21846868927103316	0.8455988282948108	0.8293193241808012	332.33657827896985	365.2822899000001	12.999859614163924	8.757130739923483	0.673632716031964	8.560753940598527	0.658526645262477	0.9775752121148906
BACFB0475A	45	44.578121907493724	37.50058408031553	13.98566527592164	-88.95677759994264	-4.419366323222089	-1.9804857253047414	7.455355997781984	12.591218002040161	0.7275773139131649	0.841761487855342	8.637899063114212	0.6170508174697881	6.797364082886617	-0.17508614142767293	0.38761102407561354	0.9050428371602214	0.8042905217335758	0.810073549285869	239.42522334478025	202.96229332500002	8.775488774389942	8.469962412828965	0.9651841202905286	10.952211628508216	1.2480457681708557	1.2930649623568025
BACFB0475A	46	107.43874545079261	31.862270508586526	13.927750784346104	-25.86007008426393	-3.964665349631647	-0.6200909372630838	6.869696205789422	12.937585668638501	0.750280318427401	0.760177416133776	8.553294576422873	0.18493879633061328	8.405750589251458	0.9301425806488104	-0.3629475878485432	-0.055712010723859194	0.8098582616522689	0.8483173153807555	291.57009873498953	267.096852	11.731230322206613	8.24583880652098	0.7028963356820327	8.476949669616015	0.7225968152351069	1.028027574697709
BACFB0475A	47	117.26389706253097	30.345332727699493	15.736073319366083	-15.961394279627108	-5.289793959696867	0.917760257382473	8.229896713028223	14.737476389017658	0.8280779815955854	0.8887373139007536	8.262019807599424	0.57563539497864	6.755907157871049	-0.9623265762974391	0.10216637975637423	0.25197140988438643	0.8479123294305746	0.8044994997001007	280.1049641793028	253.66923697500005	14.351221196757564	7.818904413373786	0.5448250226357284	7.8288397843131445	0.5455173240645158	1.0012706858165914
BACFB0475A	48	38.57966857776845	43.03546178895919	15.105406608893821	-95.52380239768874	-0.5555499003992321	1.152442969672416	6.556507787488957	11.494183475399364	0.6323821283425171	0.6465230083192534	8.904045059888045	0.17359937610682336	8.768849216637104	-0.6191417741360666	0.2169787109754583	-0.7547076934171748	0.8906455319373896	0.9011007845578582	322.7664085071355	367.71024262500003	9.273739655445638	10.140455071573966	1.093459105854819	10.096913734043667	1.0887639840217698	0.9957061751940153
BACFB0475A	49	63.48440817668144	33.727646151919735	16.07349758956941	-69.79555510423667	-7.085578880824357	-0.646084008560232	7.428444161216934	12.818611171992469	0.7226010015770118	0.7809108229488034	8.861061816290801	0.4283309805984283	8.007049675765387	0.7461511171713208	0.38835160743841607	0.5407786417231991	0.8117410140651216	0.7714061670908747	313.10420247886793	281.77924005000006	9.914138372550283	9.248110426314899	0.9328203903145587	12.54374188329271	1.2652377253502056	1.3563572778716295
BACFB0475A	50	37.10954601744464	36.585923032684754	15.7280607207898	-96.31526074884911	-6.671099996642557	-1.3212484728556853	6.556584708202862	11.945848661714495	0.6719829453845836	0.730217717103476	8.161577305647508	0.3858621135007484	8.846696786230066	0.6376868877930129	0.44231239141125944	0.6306466376196056	0.7970514132627922	0.8172857650782406	270.26191311055425	230.07112425000003	10.574117475600147	8.466759996417096	0.8007060651590269	8.91122835851823	0.8427396781888374	1.0524956845699205
BACFB0475A	51	75.30900969669554	31.715084154767723	16.10664413346272	-57.8268139645608	-7.862042728368603	-0.7840876960456304	8.582922383915111	13.816867023792314	0.6960150116096735	0.8420181863182573	9.920886762072751	0.6599683212705637	7.453497024035295	-0.3172134812078477	0.8518247161595813	0.41685760192138416	0.8155564242581972	0.7886593793865911	310.51378656010183	302.24152282500006	8.996403478294823	12.389220354648712	1.3771303593196516	10.209201854905434	1.134809246776967	0.8240390890355512
BACFB0475A	52	47.896800225612374	36.370253518478734	17.233268425010742	-85.5922461995559	-6.623571608485699	0.6001356511033122	8.075412141377226	14.47395885333084	0.8387253132885215	0.8919703640013715	7.881862687412475	0.5574532426550454	6.543588111468901	0.5231046146868833	0.1555413738703535	-0.8379549171093933	0.8251155347806615	0.7180527579121185	279.12191797168816	246.31481160000004	8.848099282615891	9.016971414078775	1.0190856958165775	12.877375618262427	1.4553832644670894	1.4281264769406008
BACFB0475A	53	42.64307663267886	34.30901353332772	18.031187536866945	-90.61171811518115	-9.264966188723836	0.03894661331394178	7.217834181478961	11.88864223446269	0.26245829650361874	0.7884219008699308	11.471866103811731	0.7704645111668409	7.3131183754537314	0.1189863016276422	0.6961379520358109	0.7079789627950557	0.7782814328095664	0.7906035649738721	307.70389635400323	261.69405075000003	12.07145099630597	9.412571995373781	0.7797382434186377	10.164367018305366	0.8420170053637962	1.0798713702589566
BACFB0475A	54	32.644434274911035	39.12787933718862	17.385979203736657	-101.05087302171759	-5.568786974173555	1.0253108860713236	6.498794978472962	11.675655253167356	0.601954888769669	0.8796018911386838	9.323362093129889	0.8031827201193096	5.554232206901696	0.902244414892109	0.11367454903809318	0.4159724903127393	0.8560954846825356	0.7988160350650791	254.6075064013196	218.12321520000003	10.44795377705762	8.019303415508832	0.767547750174604	8.397862478064244	0.8037805925697034	1.047205978242861
BACFB0475A	55	20.320693540912135	40.73437153057897	16.92995717399887	-113.46595015101869	-5.000307937996722	0.5713831420561273	5.003005584260517	8.627471880634157	0.6092806993594567	0.7559765840251829	6.84119368671631	0.5643751492633675	5.647531523893628	-0.9845641684582865	0.13247550027139082	-0.11438374017266303	0.8582414958934491	0.833702082679815	172.84393166422365	128.474203275	8.541676070708405	6.901293790107419	0.8079554566314828	5.645552681350479	0.6609420252672101	0.8180426530229783
BACFB0475A	56	26.879130538203324	40.38191028833115	16.988950547984793	-106.90885836439517	-4.774203452463772	0.8783506587666157	5.809101711332601	9.71642181624738	0.36672945508361793	0.709299571503718	9.039455720247776	0.6526056205194247	6.849175401896737	0.4764702905453941	-0.8235551295203098	-0.30778728184961357	0.8246782363534347	0.8414277974927771	233.51279157811067	198.39527235000003	8.096007711493357	9.20933090255572	1.1375150853033222	7.4221407473716	0.9167655234363088	0.805937024731281
BACFB0475A	57	126.53559083740736	30.011721021920835	16.976415391894026	-6.7283742932837995	-5.355526407523946	2.4543382278364922	8.482183476516507	15.024807127958557	0.8508160737491315	0.9143006126122057	7.894989438987363	0.637056640806131	6.08559201762775	0.945337913653514	0.2210091984381629	-0.23977314948705555	0.8329334775665319	0.7497513129045257	278.0111710503199	251.69997105000004	14.501974948082072	8.094053498006282	0.558134566290693	6.511240709665628	0.4489899295079639	0.8044474516099344
BACFB0475A	58	50.817694006309154	33.14158123028391	19.476851519931174	-82.38493287514325	-10.256745636426547	1.309218190885627	9.16875998266373	15.747484664476984	0.7565247002143863	0.9126141797123817	10.298305695761428	0.7805099928604637	6.4379168524421875	-0.7368411051697371	0.4483223092598974	0.5060358611325024	0.7938936338663136	0.749365515951819	324.8761590974842	276.82630470000004	13.04984611133581	8.238219591407377	0.6312886390477209	10.96662724778159	0.8403644881494332	1.331188993701988
BACFB0475A	59	120.80331717938891	27.13552761035432	19.112805281677872	-12.160082222426013	-9.373078612181075	2.681130749030904	7.716692290934714	13.976538881828414	0.8867996986727013	0.8995450952755506	6.459312968101367	0.3264920650585204	6.105342246557669	0.9753725579769198	-0.19054602234671925	-0.11108819250219143	0.8407038052208767	0.7448795997495985	243.27864206942994	189.88971952500003	13.309384495280995	6.767555459796314	0.508479972322975	6.321005906892347	0.4749284919324059	0.9340161221349775
BACFB0475A	60	63.97320903848683	30.675508612107667	20.619317135934182	-69.063630983491	-11.828739855110282	2.0345234311864884	6.029293683007544	10.681488792642728	0.5090337492242462	0.8028507731295427	9.194054743866444	0.7212917846003436	6.368090379742622	0.04056089629125673	0.9138698604389447	0.4039761030968959	0.8453178929273386	0.8174031094645097	260.38279953601847	234.80794755000002	9.156095339271403	9.382075468729301	1.0246808405859043	9.117856375101798	0.9958236603319764	0.9718378844309927
BACFB0475A	61	58.08269095893216	36.772833277408424	21.39624198804534	-75.5769526492199	-7.300932109503305	5.125604381766927	5.5750360368984895	10.101653012051708	0.048337410166051996	0.6300210304092771	10.089844828042573	0.628899128898855	7.844722215759635	-0.1280320655198847	0.9669913994008974	0.22030756610567434	0.9245608397710127	0.9011905659281201	316.7207223618308	387.74691697500003	10.191092802382457	10.428530664126184	1.0232985673222619	7.895094705551871	0.7747054078151628	0.7570668351880815
