Source Name	Spot Number	Z	Y	X	Spot Sigma
F3070ACF4F	1	120.0	779.0	284.0	1.3333333333333333
F3070ACF4F	2	120.0	591.0	1020.0	1.3333333333333333
F3070ACF4F	3	120.0	398.0	1214.0	1.3333333333333333
F3070ACF4F	4	114.0	616.0	12.0	1.3333333333333333
F3070ACF4F	5	114.0	591.0	1100.0	1.3333333333333333
F3070ACF4F	6	114.0	387.0	523.0	1.3333333333333333
F3070ACF4F	7	113.0	531.0	868.0	1.3333333333333333
F3070ACF4F	8	113.0	526.0	804.0	1.3333333333333333
F3070ACF4F	9	113.0	503.0	783.0	1.6666666666666665
F3070ACF4F	10	113.0	464.0	1108.0	1.6666666666666665
F3070ACF4F	11	113.0	145.0	983.0	1.6666666666666665
F3070ACF4F	12	112.0	651.0	90.0	1.3333333333333333
F3070ACF4F	13	112.0	511.0	1111.0	1.6666666666666665
F3070ACF4F	14	112.0	337.0	1418.0	1.3333333333333333
F3070ACF4F	15	112.0	124.0	1017.0	1.3333333333333333
F3070ACF4F	16	112.0	120.0	992.0	1.3333333333333333
F3070ACF4F	17	111.0	741.0	471.0	1.6666666666666665
F3070ACF4F	18	111.0	546.0	778.0	1.3333333333333333
F3070ACF4F	19	111.0	506.0	232.0	1.3333333333333333
F3070ACF4F	20	111.0	449.0	187.0	1.3333333333333333
F3070ACF4F	21	111.0	439.0	6.0	1.6666666666666665
F3070ACF4F	22	111.0	438.0	372.0	1.3333333333333333
F3070ACF4F	23	111.0	379.0	628.0	1.3333333333333333
F3070ACF4F	24	111.0	271.0	1448.0	1.6666666666666665
F3070ACF4F	25	111.0	44.0	127.0	1.6666666666666665
F3070ACF4F	26	110.0	556.0	100.0	1.6666666666666665
F3070ACF4F	27	110.0	531.0	341.0	1.6666666666666665
F3070ACF4F	28	110.0	477.0	781.0	1.3333333333333333
F3070ACF4F	29	110.0	419.0	11.0	1.6666666666666665
F3070ACF4F	30	110.0	414.0	726.0	1.3333333333333333
F3070ACF4F	31	110.0	275.0	76.0	1.6666666666666665
F3070ACF4F	32	109.0	673.0	83.0	1.6666666666666665
F3070ACF4F	33	109.0	635.0	931.0	1.3333333333333333
F3070ACF4F	34	109.0	618.0	1092.0	1.3333333333333333
F3070ACF4F	35	109.0	573.0	759.0	1.3333333333333333
F3070ACF4F	36	109.0	567.0	131.0	1.6666666666666665
F3070ACF4F	37	109.0	526.0	566.0	1.3333333333333333
F3070ACF4F	38	109.0	471.0	865.0	1.6666666666666665
F3070ACF4F	39	109.0	451.0	378.0	1.6666666666666665
F3070ACF4F	40	109.0	438.0	395.0	1.3333333333333333
F3070ACF4F	41	109.0	436.0	728.0	1.3333333333333333
F3070ACF4F	42	109.0	433.0	325.0	1.3333333333333333
F3070ACF4F	43	109.0	432.0	128.0	1.6666666666666665
F3070ACF4F	44	109.0	429.0	424.0	1.6666666666666665
F3070ACF4F	45	109.0	424.0	155.0	1.3333333333333333
F3070ACF4F	46	109.0	412.0	288.0	1.3333333333333333
F3070ACF4F	47	109.0	411.0	332.0	1.6666666666666665
F3070ACF4F	48	109.0	362.0	703.0	1.3333333333333333
F3070ACF4F	49	109.0	350.0	638.0	1.3333333333333333
F3070ACF4F	50	109.0	258.0	1523.0	1.3333333333333333
F3070ACF4F	51	108.0	732.0	823.0	2.0
F3070ACF4F	52	108.0	682.0	162.0	1.6666666666666665
F3070ACF4F	53	108.0	594.0	1038.0	1.3333333333333333
F3070ACF4F	54	108.0	570.0	705.0	1.3333333333333333
F3070ACF4F	55	108.0	520.0	544.0	2.0
F3070ACF4F	56	108.0	517.0	839.0	1.3333333333333333
F3070ACF4F	57	108.0	512.0	1345.0	1.6666666666666665
F3070ACF4F	58	108.0	512.0	1048.0	1.3333333333333333
F3070ACF4F	59	108.0	490.0	321.0	1.3333333333333333
F3070ACF4F	60	108.0	471.0	229.0	1.3333333333333333
F3070ACF4F	61	108.0	466.0	406.0	1.6666666666666665
F3070ACF4F	62	108.0	465.0	395.0	1.3333333333333333
F3070ACF4F	63	108.0	457.0	266.0	1.3333333333333333
F3070ACF4F	64	108.0	452.0	708.0	1.6666666666666665
F3070ACF4F	65	108.0	411.0	550.0	1.3333333333333333
F3070ACF4F	66	108.0	401.0	89.0	1.3333333333333333
F3070ACF4F	67	108.0	354.0	742.0	1.3333333333333333
F3070ACF4F	68	108.0	337.0	420.0	1.3333333333333333
F3070ACF4F	69	108.0	73.0	140.0	1.6666666666666665
F3070ACF4F	70	108.0	67.0	158.0	1.3333333333333333
F3070ACF4F	71	108.0	49.0	68.0	1.6666666666666665
F3070ACF4F	72	107.0	726.0	139.0	1.3333333333333333
F3070ACF4F	73	107.0	640.0	976.0	1.3333333333333333
F3070ACF4F	74	107.0	599.0	174.0	1.3333333333333333
F3070ACF4F	75	107.0	461.0	823.0	1.3333333333333333
F3070ACF4F	76	107.0	457.0	38.0	1.3333333333333333
F3070ACF4F	77	107.0	451.0	444.0	1.3333333333333333
F3070ACF4F	78	107.0	447.0	756.0	1.3333333333333333
F3070ACF4F	79	107.0	442.0	719.0	1.3333333333333333
F3070ACF4F	80	107.0	413.0	764.0	1.3333333333333333
F3070ACF4F	81	107.0	334.0	295.0	1.3333333333333333
F3070ACF4F	82	107.0	327.0	48.0	1.6666666666666665
F3070ACF4F	83	106.0	755.0	646.0	1.6666666666666665
F3070ACF4F	84	106.0	753.0	156.0	1.6666666666666665
F3070ACF4F	85	106.0	618.0	163.0	1.6666666666666665
F3070ACF4F	86	106.0	617.0	1423.0	1.6666666666666665
F3070ACF4F	87	106.0	574.0	1088.0	1.3333333333333333
F3070ACF4F	88	106.0	556.0	878.0	1.6666666666666665
F3070ACF4F	89	106.0	506.0	851.0	1.3333333333333333
F3070ACF4F	90	106.0	505.0	679.0	1.6666666666666665
F3070ACF4F	91	106.0	498.0	714.0	1.3333333333333333
F3070ACF4F	92	106.0	478.0	741.0	1.3333333333333333
F3070ACF4F	93	106.0	471.0	779.0	1.3333333333333333
F3070ACF4F	94	106.0	439.0	765.0	1.3333333333333333
F3070ACF4F	95	106.0	425.0	355.0	1.3333333333333333
F3070ACF4F	96	106.0	417.0	47.0	1.6666666666666665
F3070ACF4F	97	106.0	414.0	138.0	1.3333333333333333
F3070ACF4F	98	106.0	403.0	122.0	1.3333333333333333
F3070ACF4F	99	106.0	387.0	505.0	1.3333333333333333
F3070ACF4F	100	106.0	381.0	371.0	1.3333333333333333
F3070ACF4F	101	106.0	367.0	0.0	1.6666666666666665
F3070ACF4F	102	106.0	341.0	301.0	1.3333333333333333
F3070ACF4F	103	106.0	332.0	308.0	1.3333333333333333
F3070ACF4F	104	106.0	247.0	25.0	1.6666666666666665
F3070ACF4F	105	106.0	239.0	129.0	1.3333333333333333
F3070ACF4F	106	106.0	140.0	358.0	1.3333333333333333
F3070ACF4F	107	106.0	131.0	912.0	1.3333333333333333
F3070ACF4F	108	106.0	0.0	116.0	1.6666666666666665
F3070ACF4F	109	106.0	0.0	104.0	2.0
F3070ACF4F	110	105.0	742.0	412.0	1.3333333333333333
F3070ACF4F	111	105.0	676.0	1328.0	1.6666666666666665
F3070ACF4F	112	105.0	670.0	1154.0	1.3333333333333333
F3070ACF4F	113	105.0	582.0	222.0	1.6666666666666665
F3070ACF4F	114	105.0	541.0	1102.0	1.3333333333333333
F3070ACF4F	115	105.0	519.0	311.0	1.3333333333333333
F3070ACF4F	116	105.0	514.0	553.0	1.3333333333333333
F3070ACF4F	117	105.0	479.0	1020.0	1.3333333333333333
F3070ACF4F	118	105.0	476.0	247.0	1.3333333333333333
F3070ACF4F	119	105.0	468.0	575.0	1.3333333333333333
F3070ACF4F	120	105.0	467.0	490.0	1.3333333333333333
F3070ACF4F	121	105.0	458.0	1227.0	1.3333333333333333
F3070ACF4F	122	105.0	445.0	52.0	1.6666666666666665
F3070ACF4F	123	105.0	436.0	751.0	1.6666666666666665
F3070ACF4F	124	105.0	410.0	102.0	1.3333333333333333
F3070ACF4F	125	105.0	409.0	192.0	1.3333333333333333
F3070ACF4F	126	105.0	98.0	527.0	1.3333333333333333
F3070ACF4F	127	105.0	37.0	867.0	1.3333333333333333
F3070ACF4F	128	104.0	580.0	1150.0	1.3333333333333333
F3070ACF4F	129	104.0	547.0	573.0	1.6666666666666665
F3070ACF4F	130	104.0	544.0	1213.0	1.3333333333333333
F3070ACF4F	131	104.0	527.0	885.0	1.3333333333333333
F3070ACF4F	132	104.0	497.0	702.0	1.3333333333333333
F3070ACF4F	133	104.0	469.0	1206.0	1.3333333333333333
F3070ACF4F	134	104.0	460.0	990.0	1.3333333333333333
F3070ACF4F	135	104.0	458.0	761.0	1.3333333333333333
F3070ACF4F	136	104.0	455.0	511.0	1.6666666666666665
F3070ACF4F	137	104.0	448.0	78.0	1.6666666666666665
F3070ACF4F	138	104.0	439.0	706.0	1.3333333333333333
F3070ACF4F	139	104.0	431.0	92.0	1.3333333333333333
F3070ACF4F	140	104.0	419.0	716.0	1.3333333333333333
F3070ACF4F	141	104.0	415.0	223.0	1.6666666666666665
F3070ACF4F	142	104.0	412.0	623.0	1.3333333333333333
F3070ACF4F	143	104.0	406.0	397.0	1.3333333333333333
F3070ACF4F	144	104.0	401.0	151.0	1.6666666666666665
F3070ACF4F	145	104.0	391.0	342.0	1.3333333333333333
F3070ACF4F	146	104.0	384.0	880.0	1.3333333333333333
F3070ACF4F	147	104.0	384.0	832.0	1.3333333333333333
F3070ACF4F	148	104.0	374.0	752.0	1.6666666666666665
F3070ACF4F	149	104.0	352.0	17.0	1.3333333333333333
F3070ACF4F	150	104.0	351.0	912.0	1.3333333333333333
F3070ACF4F	151	104.0	341.0	437.0	1.3333333333333333
F3070ACF4F	152	104.0	311.0	72.0	1.3333333333333333
F3070ACF4F	153	104.0	304.0	151.0	1.3333333333333333
F3070ACF4F	154	104.0	252.0	789.0	1.3333333333333333
F3070ACF4F	155	104.0	110.0	1409.0	1.3333333333333333
F3070ACF4F	156	103.0	654.0	32.0	1.3333333333333333
F3070ACF4F	157	103.0	643.0	1139.0	1.3333333333333333
F3070ACF4F	158	103.0	632.0	99.0	1.6666666666666665
F3070ACF4F	159	103.0	596.0	858.0	1.3333333333333333
F3070ACF4F	160	103.0	562.0	676.0	1.3333333333333333
F3070ACF4F	161	103.0	559.0	1237.0	1.3333333333333333
F3070ACF4F	162	103.0	518.0	229.0	1.3333333333333333
F3070ACF4F	163	103.0	513.0	1060.0	1.3333333333333333
F3070ACF4F	164	103.0	509.0	829.0	2.0
F3070ACF4F	165	103.0	470.0	1186.0	1.3333333333333333
F3070ACF4F	166	103.0	458.0	716.0	1.3333333333333333
F3070ACF4F	167	103.0	448.0	455.0	1.3333333333333333
F3070ACF4F	168	103.0	442.0	643.0	1.3333333333333333
F3070ACF4F	169	103.0	428.0	596.0	1.3333333333333333
F3070ACF4F	170	103.0	420.0	95.0	1.3333333333333333
F3070ACF4F	171	103.0	394.0	218.0	1.3333333333333333
F3070ACF4F	172	103.0	386.0	711.0	1.3333333333333333
F3070ACF4F	173	103.0	379.0	430.0	1.3333333333333333
F3070ACF4F	174	103.0	339.0	22.0	1.6666666666666665
F3070ACF4F	175	103.0	337.0	110.0	1.3333333333333333
F3070ACF4F	176	103.0	321.0	627.0	1.3333333333333333
F3070ACF4F	177	103.0	304.0	71.0	1.3333333333333333
F3070ACF4F	178	103.0	200.0	1406.0	1.3333333333333333
F3070ACF4F	179	103.0	149.0	1486.0	1.6666666666666665
F3070ACF4F	180	103.0	141.0	897.0	1.3333333333333333
F3070ACF4F	181	103.0	107.0	1532.0	1.3333333333333333
F3070ACF4F	182	103.0	103.0	953.0	1.3333333333333333
F3070ACF4F	183	103.0	83.0	1553.0	1.3333333333333333
F3070ACF4F	184	103.0	27.0	608.0	1.3333333333333333
F3070ACF4F	185	103.0	18.0	611.0	1.3333333333333333
F3070ACF4F	186	103.0	18.0	167.0	1.3333333333333333
F3070ACF4F	187	102.0	691.0	293.0	1.3333333333333333
F3070ACF4F	188	102.0	644.0	60.0	1.3333333333333333
F3070ACF4F	189	102.0	619.0	276.0	1.3333333333333333
F3070ACF4F	190	102.0	603.0	781.0	1.3333333333333333
F3070ACF4F	191	102.0	601.0	861.0	1.3333333333333333
F3070ACF4F	192	102.0	583.0	1276.0	1.3333333333333333
F3070ACF4F	193	102.0	582.0	1164.0	1.3333333333333333
F3070ACF4F	194	102.0	582.0	62.0	1.3333333333333333
F3070ACF4F	195	102.0	532.0	288.0	1.6666666666666665
F3070ACF4F	196	102.0	499.0	242.0	1.3333333333333333
F3070ACF4F	197	102.0	490.0	723.0	1.3333333333333333
F3070ACF4F	198	102.0	479.0	683.0	1.3333333333333333
F3070ACF4F	199	102.0	475.0	430.0	1.3333333333333333
F3070ACF4F	200	102.0	466.0	720.0	1.3333333333333333
F3070ACF4F	201	102.0	460.0	789.0	1.3333333333333333
F3070ACF4F	202	102.0	439.0	102.0	1.3333333333333333
F3070ACF4F	203	102.0	418.0	1186.0	1.3333333333333333
F3070ACF4F	204	102.0	410.0	765.0	1.3333333333333333
F3070ACF4F	205	102.0	402.0	668.0	1.3333333333333333
F3070ACF4F	206	102.0	400.0	983.0	1.6666666666666665
F3070ACF4F	207	102.0	393.0	291.0	1.3333333333333333
F3070ACF4F	208	102.0	381.0	423.0	1.3333333333333333
F3070ACF4F	209	102.0	375.0	776.0	1.6666666666666665
F3070ACF4F	210	102.0	367.0	429.0	1.3333333333333333
F3070ACF4F	211	102.0	363.0	504.0	1.3333333333333333
F3070ACF4F	212	102.0	344.0	264.0	1.3333333333333333
F3070ACF4F	213	102.0	333.0	607.0	1.3333333333333333
F3070ACF4F	214	102.0	327.0	729.0	1.6666666666666665
F3070ACF4F	215	102.0	297.0	637.0	1.3333333333333333
F3070ACF4F	216	102.0	287.0	314.0	1.3333333333333333
F3070ACF4F	217	102.0	266.0	336.0	1.3333333333333333
F3070ACF4F	218	102.0	262.0	1376.0	1.3333333333333333
F3070ACF4F	219	102.0	252.0	335.0	1.6666666666666665
F3070ACF4F	220	102.0	43.0	77.0	1.3333333333333333
F3070ACF4F	221	102.0	27.0	1235.0	1.3333333333333333
F3070ACF4F	222	101.0	732.0	394.0	1.3333333333333333
F3070ACF4F	223	101.0	695.0	1162.0	1.3333333333333333
F3070ACF4F	224	101.0	561.0	838.0	1.3333333333333333
F3070ACF4F	225	101.0	561.0	715.0	1.6666666666666665
F3070ACF4F	226	101.0	525.0	652.0	1.3333333333333333
F3070ACF4F	227	101.0	498.0	459.0	1.3333333333333333
F3070ACF4F	228	101.0	486.0	996.0	1.3333333333333333
F3070ACF4F	229	101.0	432.0	1137.0	1.3333333333333333
F3070ACF4F	230	101.0	428.0	755.0	1.3333333333333333
F3070ACF4F	231	101.0	394.0	312.0	1.3333333333333333
F3070ACF4F	232	101.0	389.0	152.0	1.3333333333333333
F3070ACF4F	233	101.0	377.0	30.0	1.6666666666666665
F3070ACF4F	234	101.0	375.0	148.0	1.6666666666666665
F3070ACF4F	235	101.0	327.0	906.0	1.6666666666666665
F3070ACF4F	236	101.0	327.0	260.0	1.3333333333333333
F3070ACF4F	237	101.0	309.0	705.0	1.3333333333333333
F3070ACF4F	238	101.0	122.0	1464.0	1.3333333333333333
F3070ACF4F	239	101.0	118.0	1034.0	1.6666666666666665
F3070ACF4F	240	101.0	29.0	636.0	1.3333333333333333
F3070ACF4F	241	101.0	27.0	729.0	1.6666666666666665
F3070ACF4F	242	100.0	742.0	531.0	1.6666666666666665
F3070ACF4F	243	100.0	693.0	1238.0	1.6666666666666665
F3070ACF4F	244	100.0	683.0	1079.0	1.3333333333333333
F3070ACF4F	245	100.0	639.0	806.0	1.3333333333333333
F3070ACF4F	246	100.0	563.0	912.0	1.6666666666666665
F3070ACF4F	247	100.0	500.0	738.0	1.3333333333333333
F3070ACF4F	248	100.0	468.0	515.0	1.3333333333333333
F3070ACF4F	249	100.0	462.0	855.0	1.3333333333333333
F3070ACF4F	250	100.0	462.0	568.0	1.3333333333333333
F3070ACF4F	251	100.0	448.0	661.0	1.3333333333333333
F3070ACF4F	252	100.0	443.0	648.0	1.3333333333333333
F3070ACF4F	253	100.0	409.0	383.0	1.6666666666666665
F3070ACF4F	254	100.0	407.0	188.0	1.6666666666666665
F3070ACF4F	255	100.0	395.0	646.0	1.3333333333333333
F3070ACF4F	256	100.0	389.0	964.0	1.3333333333333333
F3070ACF4F	257	100.0	388.0	127.0	1.6666666666666665
F3070ACF4F	258	100.0	373.0	888.0	1.3333333333333333
F3070ACF4F	259	100.0	321.0	288.0	1.3333333333333333
F3070ACF4F	260	100.0	314.0	7.0	1.6666666666666665
F3070ACF4F	261	100.0	300.0	624.0	1.6666666666666665
F3070ACF4F	262	100.0	268.0	623.0	1.3333333333333333
F3070ACF4F	263	100.0	225.0	1383.0	1.3333333333333333
F3070ACF4F	264	100.0	95.0	923.0	1.3333333333333333
F3070ACF4F	265	100.0	62.0	650.0	1.3333333333333333
F3070ACF4F	266	99.0	697.0	1014.0	1.3333333333333333
F3070ACF4F	267	99.0	674.0	955.0	1.6666666666666665
F3070ACF4F	268	99.0	659.0	922.0	1.3333333333333333
F3070ACF4F	269	99.0	627.0	1353.0	1.6666666666666665
F3070ACF4F	270	99.0	594.0	173.0	1.3333333333333333
F3070ACF4F	271	99.0	544.0	632.0	1.3333333333333333
F3070ACF4F	272	99.0	541.0	746.0	1.6666666666666665
F3070ACF4F	273	99.0	518.0	854.0	1.3333333333333333
F3070ACF4F	274	99.0	513.0	727.0	1.3333333333333333
F3070ACF4F	275	99.0	507.0	739.0	1.3333333333333333
F3070ACF4F	276	99.0	496.0	739.0	1.6666666666666665
F3070ACF4F	277	99.0	477.0	513.0	1.6666666666666665
F3070ACF4F	278	99.0	470.0	609.0	1.3333333333333333
F3070ACF4F	279	99.0	460.0	100.0	1.6666666666666665
F3070ACF4F	280	99.0	457.0	806.0	1.6666666666666665
F3070ACF4F	281	99.0	449.0	127.0	1.3333333333333333
F3070ACF4F	282	99.0	441.0	116.0	1.6666666666666665
F3070ACF4F	283	99.0	436.0	625.0	1.3333333333333333
F3070ACF4F	284	99.0	433.0	600.0	1.3333333333333333
F3070ACF4F	285	99.0	413.0	1056.0	1.6666666666666665
F3070ACF4F	286	99.0	405.0	369.0	1.3333333333333333
F3070ACF4F	287	99.0	395.0	750.0	1.3333333333333333
F3070ACF4F	288	99.0	378.0	938.0	1.6666666666666665
F3070ACF4F	289	99.0	348.0	484.0	1.3333333333333333
F3070ACF4F	290	99.0	338.0	163.0	1.6666666666666665
F3070ACF4F	291	99.0	287.0	71.0	1.3333333333333333
F3070ACF4F	292	99.0	276.0	1334.0	1.3333333333333333
F3070ACF4F	293	99.0	224.0	234.0	1.6666666666666665
F3070ACF4F	294	99.0	154.0	456.0	1.6666666666666665
F3070ACF4F	295	98.0	678.0	1173.0	1.3333333333333333
F3070ACF4F	296	98.0	659.0	331.0	1.6666666666666665
F3070ACF4F	297	98.0	592.0	758.0	2.0
F3070ACF4F	298	98.0	584.0	820.0	1.3333333333333333
F3070ACF4F	299	98.0	559.0	516.0	1.3333333333333333
F3070ACF4F	300	98.0	557.0	849.0	1.3333333333333333
F3070ACF4F	301	98.0	548.0	1026.0	1.3333333333333333
F3070ACF4F	302	98.0	515.0	844.0	1.3333333333333333
F3070ACF4F	303	98.0	502.0	966.0	1.6666666666666665
F3070ACF4F	304	98.0	490.0	148.0	1.6666666666666665
F3070ACF4F	305	98.0	481.0	601.0	1.3333333333333333
F3070ACF4F	306	98.0	480.0	900.0	1.6666666666666665
F3070ACF4F	307	98.0	447.0	464.0	1.6666666666666665
F3070ACF4F	308	98.0	444.0	749.0	1.3333333333333333
F3070ACF4F	309	98.0	438.0	750.0	1.3333333333333333
F3070ACF4F	310	98.0	425.0	593.0	1.3333333333333333
F3070ACF4F	311	98.0	422.0	307.0	1.6666666666666665
F3070ACF4F	312	98.0	388.0	651.0	1.6666666666666665
F3070ACF4F	313	98.0	387.0	390.0	1.6666666666666665
F3070ACF4F	314	98.0	301.0	122.0	1.3333333333333333
F3070ACF4F	315	98.0	298.0	11.0	1.6666666666666665
F3070ACF4F	316	98.0	286.0	191.0	1.3333333333333333
F3070ACF4F	317	98.0	263.0	1332.0	1.3333333333333333
F3070ACF4F	318	98.0	220.0	95.0	1.6666666666666665
F3070ACF4F	319	98.0	47.0	637.0	1.3333333333333333
F3070ACF4F	320	98.0	39.0	671.0	1.6666666666666665
F3070ACF4F	321	97.0	703.0	1041.0	1.3333333333333333
F3070ACF4F	322	97.0	587.0	1240.0	1.3333333333333333
F3070ACF4F	323	97.0	554.0	1210.0	1.6666666666666665
F3070ACF4F	324	97.0	545.0	1038.0	1.6666666666666665
F3070ACF4F	325	97.0	536.0	1041.0	1.3333333333333333
F3070ACF4F	326	97.0	530.0	822.0	1.3333333333333333
F3070ACF4F	327	97.0	524.0	732.0	1.3333333333333333
F3070ACF4F	328	97.0	502.0	840.0	1.6666666666666665
F3070ACF4F	329	97.0	501.0	631.0	1.6666666666666665
F3070ACF4F	330	97.0	497.0	624.0	1.6666666666666665
F3070ACF4F	331	97.0	469.0	773.0	1.6666666666666665
F3070ACF4F	332	97.0	435.0	426.0	1.3333333333333333
F3070ACF4F	333	97.0	425.0	406.0	1.6666666666666665
F3070ACF4F	334	97.0	422.0	515.0	1.3333333333333333
F3070ACF4F	335	97.0	396.0	815.0	1.3333333333333333
F3070ACF4F	336	97.0	394.0	352.0	1.3333333333333333
F3070ACF4F	337	97.0	351.0	710.0	1.6666666666666665
F3070ACF4F	338	97.0	318.0	95.0	1.6666666666666665
F3070ACF4F	339	97.0	274.0	1436.0	1.6666666666666665
F3070ACF4F	340	97.0	205.0	1523.0	1.6666666666666665
F3070ACF4F	341	97.0	197.0	1489.0	1.6666666666666665
F3070ACF4F	342	97.0	5.0	391.0	1.3333333333333333
F3070ACF4F	343	96.0	772.0	538.0	1.3333333333333333
F3070ACF4F	344	96.0	717.0	435.0	1.3333333333333333
F3070ACF4F	345	96.0	633.0	780.0	1.3333333333333333
F3070ACF4F	346	96.0	605.0	1089.0	1.3333333333333333
F3070ACF4F	347	96.0	578.0	935.0	1.3333333333333333
F3070ACF4F	348	96.0	548.0	319.0	1.3333333333333333
F3070ACF4F	349	96.0	500.0	536.0	1.3333333333333333
F3070ACF4F	350	96.0	491.0	738.0	1.3333333333333333
F3070ACF4F	351	96.0	482.0	1129.0	1.3333333333333333
F3070ACF4F	352	96.0	461.0	610.0	1.3333333333333333
F3070ACF4F	353	96.0	454.0	815.0	1.3333333333333333
F3070ACF4F	354	96.0	445.0	111.0	1.3333333333333333
F3070ACF4F	355	96.0	410.0	1210.0	1.3333333333333333
F3070ACF4F	356	96.0	367.0	821.0	1.3333333333333333
F3070ACF4F	357	96.0	361.0	885.0	1.3333333333333333
F3070ACF4F	358	96.0	342.0	73.0	1.6666666666666665
F3070ACF4F	359	96.0	337.0	955.0	1.6666666666666665
F3070ACF4F	360	96.0	319.0	160.0	1.3333333333333333
F3070ACF4F	361	96.0	243.0	1418.0	1.3333333333333333
F3070ACF4F	362	95.0	763.0	571.0	1.3333333333333333
F3070ACF4F	363	95.0	675.0	449.0	1.3333333333333333
F3070ACF4F	364	95.0	664.0	922.0	1.3333333333333333
F3070ACF4F	365	95.0	546.0	844.0	1.3333333333333333
F3070ACF4F	366	95.0	542.0	869.0	1.3333333333333333
F3070ACF4F	367	95.0	529.0	1155.0	1.3333333333333333
F3070ACF4F	368	95.0	493.0	564.0	1.3333333333333333
F3070ACF4F	369	95.0	487.0	748.0	1.3333333333333333
F3070ACF4F	370	95.0	456.0	595.0	1.6666666666666665
F3070ACF4F	371	95.0	454.0	106.0	1.6666666666666665
F3070ACF4F	372	95.0	443.0	798.0	1.6666666666666665
F3070ACF4F	373	95.0	442.0	1072.0	1.3333333333333333
F3070ACF4F	374	95.0	432.0	208.0	1.3333333333333333
F3070ACF4F	375	95.0	424.0	465.0	1.3333333333333333
F3070ACF4F	376	95.0	419.0	767.0	1.3333333333333333
F3070ACF4F	377	95.0	411.0	278.0	1.3333333333333333
F3070ACF4F	378	95.0	400.0	595.0	1.6666666666666665
F3070ACF4F	379	95.0	396.0	827.0	1.3333333333333333
F3070ACF4F	380	95.0	382.0	914.0	1.3333333333333333
F3070ACF4F	381	95.0	381.0	419.0	1.3333333333333333
F3070ACF4F	382	95.0	312.0	794.0	1.3333333333333333
F3070ACF4F	383	95.0	309.0	862.0	1.6666666666666665
F3070ACF4F	384	95.0	308.0	53.0	1.3333333333333333
F3070ACF4F	385	95.0	305.0	293.0	1.6666666666666665
F3070ACF4F	386	95.0	304.0	193.0	1.6666666666666665
F3070ACF4F	387	95.0	296.0	1294.0	1.3333333333333333
F3070ACF4F	388	95.0	290.0	151.0	1.6666666666666665
F3070ACF4F	389	95.0	286.0	253.0	1.6666666666666665
F3070ACF4F	390	95.0	280.0	1252.0	1.3333333333333333
F3070ACF4F	391	95.0	279.0	1291.0	1.3333333333333333
F3070ACF4F	392	95.0	264.0	649.0	1.3333333333333333
F3070ACF4F	393	95.0	216.0	26.0	1.3333333333333333
F3070ACF4F	394	94.0	653.0	896.0	1.3333333333333333
F3070ACF4F	395	94.0	602.0	304.0	1.3333333333333333
F3070ACF4F	396	94.0	572.0	684.0	1.3333333333333333
F3070ACF4F	397	94.0	526.0	1451.0	1.6666666666666665
F3070ACF4F	398	94.0	502.0	265.0	1.3333333333333333
F3070ACF4F	399	94.0	456.0	746.0	1.3333333333333333
F3070ACF4F	400	94.0	452.0	1446.0	1.3333333333333333
F3070ACF4F	401	94.0	448.0	502.0	1.6666666666666665
F3070ACF4F	402	94.0	426.0	426.0	2.333333333333333
F3070ACF4F	403	94.0	425.0	474.0	1.6666666666666665
F3070ACF4F	404	94.0	423.0	825.0	1.3333333333333333
F3070ACF4F	405	94.0	414.0	248.0	1.6666666666666665
F3070ACF4F	406	94.0	410.0	654.0	1.3333333333333333
F3070ACF4F	407	94.0	407.0	382.0	1.3333333333333333
F3070ACF4F	408	94.0	401.0	897.0	1.3333333333333333
F3070ACF4F	409	94.0	384.0	845.0	1.6666666666666665
F3070ACF4F	410	94.0	377.0	131.0	1.6666666666666665
F3070ACF4F	411	94.0	373.0	1098.0	1.3333333333333333
F3070ACF4F	412	94.0	366.0	853.0	1.6666666666666665
F3070ACF4F	413	94.0	362.0	126.0	1.6666666666666665
F3070ACF4F	414	94.0	346.0	418.0	1.6666666666666665
F3070ACF4F	415	94.0	332.0	431.0	1.6666666666666665
F3070ACF4F	416	94.0	296.0	701.0	1.6666666666666665
F3070ACF4F	417	94.0	294.0	77.0	1.3333333333333333
F3070ACF4F	418	94.0	291.0	41.0	1.6666666666666665
F3070ACF4F	419	94.0	283.0	198.0	1.6666666666666665
F3070ACF4F	420	94.0	237.0	228.0	1.6666666666666665
F3070ACF4F	421	94.0	218.0	1551.0	1.6666666666666665
F3070ACF4F	422	94.0	88.0	989.0	1.3333333333333333
F3070ACF4F	423	93.0	651.0	945.0	1.6666666666666665
F3070ACF4F	424	93.0	650.0	1089.0	1.3333333333333333
F3070ACF4F	425	93.0	629.0	1185.0	1.3333333333333333
F3070ACF4F	426	93.0	617.0	1180.0	1.3333333333333333
F3070ACF4F	427	93.0	596.0	887.0	1.6666666666666665
F3070ACF4F	428	93.0	570.0	905.0	1.6666666666666665
F3070ACF4F	429	93.0	566.0	748.0	1.6666666666666665
F3070ACF4F	430	93.0	556.0	391.0	1.6666666666666665
F3070ACF4F	431	93.0	551.0	1112.0	1.3333333333333333
F3070ACF4F	432	93.0	497.0	1105.0	1.3333333333333333
F3070ACF4F	433	93.0	495.0	889.0	1.3333333333333333
F3070ACF4F	434	93.0	461.0	780.0	1.3333333333333333
F3070ACF4F	435	93.0	459.0	853.0	1.3333333333333333
F3070ACF4F	436	93.0	455.0	701.0	1.3333333333333333
F3070ACF4F	437	93.0	324.0	372.0	1.3333333333333333
F3070ACF4F	438	93.0	323.0	157.0	1.6666666666666665
F3070ACF4F	439	93.0	287.0	266.0	1.3333333333333333
F3070ACF4F	440	93.0	252.0	78.0	1.3333333333333333
F3070ACF4F	441	93.0	247.0	854.0	1.6666666666666665
F3070ACF4F	442	93.0	70.0	537.0	1.3333333333333333
F3070ACF4F	443	92.0	771.0	512.0	1.3333333333333333
F3070ACF4F	444	92.0	638.0	786.0	1.6666666666666665
F3070ACF4F	445	92.0	625.0	768.0	1.3333333333333333
F3070ACF4F	446	92.0	513.0	1242.0	1.6666666666666665
F3070ACF4F	447	92.0	513.0	1221.0	1.3333333333333333
F3070ACF4F	448	92.0	510.0	709.0	1.3333333333333333
F3070ACF4F	449	92.0	494.0	739.0	1.3333333333333333
F3070ACF4F	450	92.0	485.0	588.0	1.6666666666666665
F3070ACF4F	451	92.0	469.0	565.0	1.6666666666666665
F3070ACF4F	452	92.0	394.0	794.0	1.3333333333333333
F3070ACF4F	453	92.0	385.0	672.0	1.6666666666666665
F3070ACF4F	454	92.0	376.0	49.0	1.6666666666666665
F3070ACF4F	455	92.0	374.0	426.0	1.6666666666666665
F3070ACF4F	456	92.0	323.0	22.0	2.0
F3070ACF4F	457	92.0	320.0	315.0	1.6666666666666665
F3070ACF4F	458	92.0	303.0	681.0	1.6666666666666665
F3070ACF4F	459	92.0	289.0	175.0	1.3333333333333333
F3070ACF4F	460	92.0	284.0	709.0	1.3333333333333333
F3070ACF4F	461	92.0	282.0	169.0	1.6666666666666665
F3070ACF4F	462	92.0	113.0	55.0	1.3333333333333333
F3070ACF4F	463	92.0	95.0	711.0	1.6666666666666665
F3070ACF4F	464	91.0	622.0	777.0	1.3333333333333333
F3070ACF4F	465	91.0	605.0	463.0	1.3333333333333333
F3070ACF4F	466	91.0	527.0	294.0	1.3333333333333333
F3070ACF4F	467	91.0	505.0	1173.0	1.3333333333333333
F3070ACF4F	468	91.0	490.0	861.0	1.3333333333333333
F3070ACF4F	469	91.0	474.0	225.0	1.6666666666666665
F3070ACF4F	470	91.0	444.0	328.0	1.6666666666666665
F3070ACF4F	471	91.0	439.0	895.0	1.3333333333333333
F3070ACF4F	472	91.0	430.0	468.0	1.3333333333333333
F3070ACF4F	473	91.0	381.0	901.0	1.3333333333333333
F3070ACF4F	474	91.0	331.0	691.0	1.6666666666666665
F3070ACF4F	475	91.0	319.0	63.0	1.6666666666666665
F3070ACF4F	476	91.0	267.0	27.0	1.6666666666666665
F3070ACF4F	477	91.0	202.0	0.0	2.0
F3070ACF4F	478	90.0	678.0	424.0	1.3333333333333333
F3070ACF4F	479	90.0	634.0	1111.0	1.6666666666666665
F3070ACF4F	480	90.0	603.0	1197.0	1.3333333333333333
F3070ACF4F	481	90.0	596.0	1296.0	1.3333333333333333
F3070ACF4F	482	90.0	530.0	946.0	1.3333333333333333
F3070ACF4F	483	90.0	515.0	713.0	1.3333333333333333
F3070ACF4F	484	90.0	482.0	718.0	1.3333333333333333
F3070ACF4F	485	90.0	475.0	1025.0	1.3333333333333333
F3070ACF4F	486	90.0	472.0	860.0	1.6666666666666665
F3070ACF4F	487	90.0	468.0	1037.0	1.3333333333333333
F3070ACF4F	488	90.0	461.0	758.0	1.3333333333333333
F3070ACF4F	489	90.0	429.0	571.0	1.3333333333333333
F3070ACF4F	490	90.0	426.0	364.0	1.6666666666666665
F3070ACF4F	491	90.0	416.0	818.0	1.3333333333333333
F3070ACF4F	492	90.0	395.0	30.0	1.6666666666666665
F3070ACF4F	493	90.0	362.0	832.0	1.3333333333333333
F3070ACF4F	494	90.0	308.0	31.0	1.3333333333333333
F3070ACF4F	495	90.0	278.0	125.0	1.3333333333333333
F3070ACF4F	496	90.0	105.0	88.0	1.3333333333333333
F3070ACF4F	497	90.0	66.0	954.0	1.3333333333333333
F3070ACF4F	498	90.0	32.0	1039.0	1.3333333333333333
F3070ACF4F	499	89.0	704.0	456.0	1.3333333333333333
F3070ACF4F	500	89.0	659.0	407.0	1.3333333333333333
F3070ACF4F	501	89.0	619.0	1241.0	1.6666666666666665
F3070ACF4F	502	89.0	619.0	1173.0	1.3333333333333333
F3070ACF4F	503	89.0	555.0	515.0	1.3333333333333333
F3070ACF4F	504	89.0	509.0	1180.0	1.6666666666666665
F3070ACF4F	505	89.0	509.0	773.0	1.3333333333333333
F3070ACF4F	506	89.0	508.0	857.0	1.3333333333333333
F3070ACF4F	507	89.0	496.0	808.0	1.3333333333333333
F3070ACF4F	508	89.0	484.0	495.0	1.6666666666666665
F3070ACF4F	509	89.0	483.0	571.0	1.3333333333333333
F3070ACF4F	510	89.0	455.0	503.0	1.6666666666666665
F3070ACF4F	511	89.0	447.0	1000.0	1.3333333333333333
F3070ACF4F	512	89.0	429.0	485.0	1.6666666666666665
F3070ACF4F	513	89.0	425.0	818.0	1.3333333333333333
F3070ACF4F	514	89.0	414.0	882.0	1.3333333333333333
F3070ACF4F	515	89.0	404.0	371.0	1.3333333333333333
F3070ACF4F	516	89.0	382.0	701.0	1.3333333333333333
F3070ACF4F	517	89.0	363.0	778.0	1.3333333333333333
F3070ACF4F	518	89.0	363.0	663.0	1.3333333333333333
F3070ACF4F	519	89.0	350.0	334.0	1.6666666666666665
F3070ACF4F	520	89.0	271.0	139.0	1.3333333333333333
F3070ACF4F	521	89.0	243.0	1526.0	1.3333333333333333
F3070ACF4F	522	89.0	233.0	506.0	1.3333333333333333
F3070ACF4F	523	89.0	144.0	1001.0	1.3333333333333333
F3070ACF4F	524	88.0	704.0	1146.0	1.6666666666666665
F3070ACF4F	525	88.0	662.0	398.0	1.3333333333333333
F3070ACF4F	526	88.0	652.0	510.0	1.6666666666666665
F3070ACF4F	527	88.0	563.0	714.0	1.3333333333333333
F3070ACF4F	528	88.0	558.0	1041.0	1.3333333333333333
F3070ACF4F	529	88.0	540.0	780.0	1.6666666666666665
F3070ACF4F	530	88.0	540.0	701.0	1.6666666666666665
F3070ACF4F	531	88.0	535.0	1044.0	1.3333333333333333
F3070ACF4F	532	88.0	525.0	340.0	1.3333333333333333
F3070ACF4F	533	88.0	513.0	171.0	1.3333333333333333
F3070ACF4F	534	88.0	510.0	536.0	1.3333333333333333
F3070ACF4F	535	88.0	493.0	585.0	1.3333333333333333
F3070ACF4F	536	88.0	492.0	567.0	1.3333333333333333
F3070ACF4F	537	88.0	456.0	1051.0	1.3333333333333333
F3070ACF4F	538	88.0	453.0	96.0	1.3333333333333333
F3070ACF4F	539	88.0	445.0	777.0	1.3333333333333333
F3070ACF4F	540	88.0	443.0	832.0	1.3333333333333333
F3070ACF4F	541	88.0	422.0	1086.0	1.3333333333333333
F3070ACF4F	542	88.0	421.0	751.0	1.3333333333333333
F3070ACF4F	543	88.0	419.0	867.0	1.6666666666666665
F3070ACF4F	544	88.0	410.0	309.0	1.6666666666666665
F3070ACF4F	545	88.0	382.0	299.0	1.3333333333333333
F3070ACF4F	546	88.0	378.0	204.0	1.6666666666666665
F3070ACF4F	547	88.0	369.0	679.0	1.3333333333333333
F3070ACF4F	548	88.0	341.0	18.0	1.3333333333333333
F3070ACF4F	549	88.0	340.0	312.0	1.6666666666666665
F3070ACF4F	550	88.0	329.0	95.0	1.3333333333333333
F3070ACF4F	551	88.0	296.0	1277.0	1.3333333333333333
F3070ACF4F	552	88.0	291.0	106.0	1.3333333333333333
F3070ACF4F	553	88.0	276.0	36.0	1.6666666666666665
F3070ACF4F	554	88.0	250.0	331.0	1.6666666666666665
F3070ACF4F	555	88.0	189.0	556.0	1.3333333333333333
F3070ACF4F	556	88.0	131.0	896.0	1.3333333333333333
F3070ACF4F	557	87.0	773.0	558.0	1.3333333333333333
F3070ACF4F	558	87.0	655.0	806.0	1.3333333333333333
F3070ACF4F	559	87.0	552.0	675.0	1.3333333333333333
F3070ACF4F	560	87.0	545.0	1235.0	1.3333333333333333
F3070ACF4F	561	87.0	507.0	12.0	1.6666666666666665
F3070ACF4F	562	87.0	487.0	569.0	1.3333333333333333
F3070ACF4F	563	87.0	483.0	825.0	1.3333333333333333
F3070ACF4F	564	87.0	476.0	489.0	1.3333333333333333
F3070ACF4F	565	87.0	454.0	1106.0	1.3333333333333333
F3070ACF4F	566	87.0	441.0	1005.0	1.3333333333333333
F3070ACF4F	567	87.0	432.0	806.0	1.3333333333333333
F3070ACF4F	568	87.0	429.0	907.0	1.3333333333333333
F3070ACF4F	569	87.0	423.0	553.0	1.3333333333333333
F3070ACF4F	570	87.0	423.0	468.0	1.3333333333333333
F3070ACF4F	571	87.0	403.0	37.0	1.6666666666666665
F3070ACF4F	572	87.0	401.0	459.0	1.6666666666666665
F3070ACF4F	573	87.0	394.0	448.0	1.3333333333333333
F3070ACF4F	574	87.0	389.0	47.0	1.6666666666666665
F3070ACF4F	575	87.0	383.0	221.0	1.6666666666666665
F3070ACF4F	576	87.0	382.0	607.0	1.3333333333333333
F3070ACF4F	577	87.0	381.0	629.0	1.6666666666666665
F3070ACF4F	578	87.0	380.0	403.0	1.3333333333333333
F3070ACF4F	579	87.0	371.0	405.0	1.3333333333333333
F3070ACF4F	580	87.0	368.0	692.0	1.3333333333333333
F3070ACF4F	581	87.0	365.0	730.0	1.3333333333333333
F3070ACF4F	582	87.0	355.0	626.0	1.3333333333333333
F3070ACF4F	583	87.0	347.0	76.0	1.6666666666666665
F3070ACF4F	584	87.0	293.0	673.0	1.3333333333333333
F3070ACF4F	585	87.0	292.0	330.0	1.3333333333333333
F3070ACF4F	586	87.0	279.0	1380.0	1.3333333333333333
F3070ACF4F	587	87.0	275.0	180.0	1.6666666666666665
F3070ACF4F	588	87.0	245.0	1548.0	1.3333333333333333
F3070ACF4F	589	87.0	182.0	1071.0	1.6666666666666665
F3070ACF4F	590	87.0	123.0	453.0	1.6666666666666665
F3070ACF4F	591	87.0	80.0	537.0	1.3333333333333333
F3070ACF4F	592	86.0	662.0	1043.0	1.3333333333333333
F3070ACF4F	593	86.0	569.0	774.0	1.3333333333333333
F3070ACF4F	594	86.0	528.0	895.0	1.6666666666666665
F3070ACF4F	595	86.0	522.0	1117.0	1.3333333333333333
F3070ACF4F	596	86.0	516.0	725.0	1.6666666666666665
F3070ACF4F	597	86.0	483.0	576.0	1.3333333333333333
F3070ACF4F	598	86.0	473.0	627.0	1.6666666666666665
F3070ACF4F	599	86.0	429.0	856.0	1.6666666666666665
F3070ACF4F	600	86.0	427.0	397.0	1.6666666666666665
F3070ACF4F	601	86.0	398.0	799.0	1.3333333333333333
F3070ACF4F	602	86.0	396.0	272.0	1.3333333333333333
F3070ACF4F	603	86.0	293.0	1290.0	1.6666666666666665
F3070ACF4F	604	86.0	279.0	91.0	1.3333333333333333
F3070ACF4F	605	86.0	224.0	254.0	1.6666666666666665
F3070ACF4F	606	86.0	211.0	191.0	1.6666666666666665
F3070ACF4F	607	86.0	115.0	61.0	1.6666666666666665
F3070ACF4F	608	85.0	633.0	783.0	1.3333333333333333
F3070ACF4F	609	85.0	626.0	507.0	1.6666666666666665
F3070ACF4F	610	85.0	616.0	1192.0	1.6666666666666665
F3070ACF4F	611	85.0	608.0	806.0	1.3333333333333333
F3070ACF4F	612	85.0	594.0	1036.0	1.3333333333333333
F3070ACF4F	613	85.0	582.0	957.0	1.3333333333333333
F3070ACF4F	614	85.0	538.0	937.0	1.3333333333333333
F3070ACF4F	615	85.0	520.0	619.0	1.6666666666666665
F3070ACF4F	616	85.0	514.0	1003.0	1.3333333333333333
F3070ACF4F	617	85.0	485.0	55.0	1.6666666666666665
F3070ACF4F	618	85.0	476.0	1471.0	1.3333333333333333
F3070ACF4F	619	85.0	472.0	456.0	1.6666666666666665
F3070ACF4F	620	85.0	468.0	1281.0	1.6666666666666665
F3070ACF4F	621	85.0	463.0	765.0	1.6666666666666665
F3070ACF4F	622	85.0	451.0	1006.0	1.3333333333333333
F3070ACF4F	623	85.0	428.0	415.0	1.3333333333333333
F3070ACF4F	624	85.0	411.0	312.0	1.6666666666666665
F3070ACF4F	625	85.0	407.0	890.0	1.6666666666666665
F3070ACF4F	626	85.0	361.0	365.0	1.3333333333333333
F3070ACF4F	627	85.0	351.0	975.0	1.3333333333333333
F3070ACF4F	628	85.0	303.0	720.0	1.3333333333333333
F3070ACF4F	629	85.0	264.0	641.0	1.3333333333333333
F3070ACF4F	630	85.0	250.0	150.0	1.6666666666666665
F3070ACF4F	631	85.0	207.0	31.0	1.3333333333333333
F3070ACF4F	632	85.0	173.0	675.0	1.6666666666666665
F3070ACF4F	633	85.0	151.0	881.0	1.3333333333333333
F3070ACF4F	634	85.0	36.0	854.0	1.3333333333333333
F3070ACF4F	635	84.0	670.0	456.0	1.6666666666666665
F3070ACF4F	636	84.0	648.0	781.0	1.3333333333333333
F3070ACF4F	637	84.0	633.0	1139.0	1.3333333333333333
F3070ACF4F	638	84.0	614.0	760.0	1.3333333333333333
F3070ACF4F	639	84.0	604.0	974.0	1.6666666666666665
F3070ACF4F	640	84.0	572.0	893.0	1.3333333333333333
F3070ACF4F	641	84.0	568.0	955.0	1.6666666666666665
F3070ACF4F	642	84.0	546.0	1115.0	1.3333333333333333
F3070ACF4F	643	84.0	546.0	892.0	1.3333333333333333
F3070ACF4F	644	84.0	527.0	1125.0	1.6666666666666665
F3070ACF4F	645	84.0	524.0	604.0	1.3333333333333333
F3070ACF4F	646	84.0	516.0	449.0	1.6666666666666665
F3070ACF4F	647	84.0	490.0	500.0	1.6666666666666665
F3070ACF4F	648	84.0	482.0	899.0	1.3333333333333333
F3070ACF4F	649	84.0	474.0	201.0	1.6666666666666665
F3070ACF4F	650	84.0	461.0	1062.0	1.3333333333333333
F3070ACF4F	651	84.0	446.0	729.0	1.6666666666666665
F3070ACF4F	652	84.0	437.0	29.0	1.6666666666666665
F3070ACF4F	653	84.0	436.0	806.0	1.3333333333333333
F3070ACF4F	654	84.0	428.0	333.0	1.3333333333333333
F3070ACF4F	655	84.0	420.0	980.0	1.3333333333333333
F3070ACF4F	656	84.0	414.0	803.0	1.3333333333333333
F3070ACF4F	657	84.0	413.0	821.0	1.3333333333333333
F3070ACF4F	658	84.0	411.0	362.0	1.6666666666666665
F3070ACF4F	659	84.0	378.0	430.0	1.3333333333333333
F3070ACF4F	660	84.0	365.0	159.0	1.6666666666666665
F3070ACF4F	661	84.0	346.0	793.0	1.3333333333333333
F3070ACF4F	662	84.0	330.0	631.0	1.3333333333333333
F3070ACF4F	663	84.0	316.0	797.0	1.6666666666666665
F3070ACF4F	664	83.0	700.0	798.0	1.3333333333333333
F3070ACF4F	665	83.0	624.0	797.0	1.3333333333333333
F3070ACF4F	666	83.0	614.0	737.0	1.3333333333333333
F3070ACF4F	667	83.0	546.0	534.0	1.3333333333333333
F3070ACF4F	668	83.0	537.0	1082.0	1.3333333333333333
F3070ACF4F	669	83.0	510.0	897.0	1.3333333333333333
F3070ACF4F	670	83.0	507.0	587.0	1.6666666666666665
F3070ACF4F	671	83.0	494.0	795.0	1.6666666666666665
F3070ACF4F	672	83.0	451.0	865.0	1.6666666666666665
F3070ACF4F	673	83.0	441.0	69.0	1.3333333333333333
F3070ACF4F	674	83.0	439.0	744.0	1.3333333333333333
F3070ACF4F	675	83.0	423.0	786.0	1.6666666666666665
F3070ACF4F	676	83.0	421.0	756.0	1.3333333333333333
F3070ACF4F	677	83.0	412.0	518.0	1.6666666666666665
F3070ACF4F	678	83.0	405.0	925.0	1.6666666666666665
F3070ACF4F	679	83.0	405.0	723.0	1.3333333333333333
F3070ACF4F	680	83.0	405.0	472.0	1.6666666666666665
F3070ACF4F	681	83.0	403.0	211.0	1.6666666666666665
F3070ACF4F	682	83.0	382.0	893.0	1.3333333333333333
F3070ACF4F	683	83.0	380.0	681.0	1.3333333333333333
F3070ACF4F	684	83.0	379.0	690.0	1.6666666666666665
F3070ACF4F	685	83.0	363.0	975.0	1.3333333333333333
F3070ACF4F	686	83.0	307.0	284.0	1.6666666666666665
F3070ACF4F	687	83.0	299.0	713.0	1.3333333333333333
F3070ACF4F	688	83.0	287.0	182.0	1.6666666666666665
F3070ACF4F	689	83.0	248.0	1532.0	1.6666666666666665
F3070ACF4F	690	83.0	226.0	223.0	1.3333333333333333
F3070ACF4F	691	83.0	198.0	57.0	1.3333333333333333
F3070ACF4F	692	83.0	186.0	135.0	1.3333333333333333
F3070ACF4F	693	83.0	152.0	20.0	1.6666666666666665
F3070ACF4F	694	82.0	658.0	827.0	1.3333333333333333
F3070ACF4F	695	82.0	594.0	971.0	1.3333333333333333
F3070ACF4F	696	82.0	594.0	941.0	1.3333333333333333
F3070ACF4F	697	82.0	594.0	795.0	1.3333333333333333
F3070ACF4F	698	82.0	584.0	1243.0	1.3333333333333333
F3070ACF4F	699	82.0	527.0	538.0	1.6666666666666665
F3070ACF4F	700	82.0	522.0	1156.0	1.3333333333333333
F3070ACF4F	701	82.0	495.0	1362.0	1.3333333333333333
F3070ACF4F	702	82.0	492.0	1137.0	1.3333333333333333
F3070ACF4F	703	82.0	492.0	643.0	1.3333333333333333
F3070ACF4F	704	82.0	474.0	755.0	1.3333333333333333
F3070ACF4F	705	82.0	467.0	775.0	1.6666666666666665
F3070ACF4F	706	82.0	462.0	6.0	1.3333333333333333
F3070ACF4F	707	82.0	415.0	795.0	1.6666666666666665
F3070ACF4F	708	82.0	406.0	994.0	1.3333333333333333
F3070ACF4F	709	82.0	392.0	44.0	1.6666666666666665
F3070ACF4F	710	82.0	367.0	672.0	1.6666666666666665
F3070ACF4F	711	82.0	342.0	621.0	1.3333333333333333
F3070ACF4F	712	82.0	341.0	333.0	1.6666666666666665
F3070ACF4F	713	82.0	322.0	562.0	1.3333333333333333
F3070ACF4F	714	82.0	294.0	60.0	1.6666666666666665
F3070ACF4F	715	82.0	285.0	137.0	1.6666666666666665
F3070ACF4F	716	82.0	283.0	190.0	1.6666666666666665
F3070ACF4F	717	82.0	228.0	299.0	1.3333333333333333
F3070ACF4F	718	82.0	186.0	292.0	1.3333333333333333
F3070ACF4F	719	82.0	75.0	733.0	1.3333333333333333
F3070ACF4F	720	82.0	52.0	939.0	1.3333333333333333
F3070ACF4F	721	81.0	693.0	1000.0	1.3333333333333333
F3070ACF4F	722	81.0	686.0	774.0	1.3333333333333333
F3070ACF4F	723	81.0	640.0	1235.0	1.3333333333333333
F3070ACF4F	724	81.0	596.0	741.0	1.3333333333333333
F3070ACF4F	725	81.0	524.0	857.0	1.3333333333333333
F3070ACF4F	726	81.0	517.0	606.0	1.3333333333333333
F3070ACF4F	727	81.0	512.0	1232.0	1.6666666666666665
F3070ACF4F	728	81.0	504.0	734.0	1.3333333333333333
F3070ACF4F	729	81.0	479.0	575.0	1.3333333333333333
F3070ACF4F	730	81.0	467.0	995.0	1.3333333333333333
F3070ACF4F	731	81.0	460.0	856.0	1.3333333333333333
F3070ACF4F	732	81.0	459.0	767.0	1.3333333333333333
F3070ACF4F	733	81.0	443.0	874.0	1.6666666666666665
F3070ACF4F	734	81.0	438.0	531.0	1.6666666666666665
F3070ACF4F	735	81.0	433.0	792.0	1.6666666666666665
F3070ACF4F	736	81.0	404.0	227.0	1.6666666666666665
F3070ACF4F	737	81.0	365.0	400.0	1.3333333333333333
F3070ACF4F	738	81.0	324.0	923.0	1.3333333333333333
F3070ACF4F	739	81.0	287.0	32.0	1.3333333333333333
F3070ACF4F	740	81.0	264.0	108.0	1.6666666666666665
F3070ACF4F	741	81.0	262.0	636.0	1.3333333333333333
F3070ACF4F	742	81.0	255.0	58.0	1.3333333333333333
F3070ACF4F	743	81.0	250.0	429.0	1.6666666666666665
F3070ACF4F	744	81.0	225.0	538.0	1.6666666666666665
F3070ACF4F	745	80.0	663.0	511.0	1.3333333333333333
F3070ACF4F	746	80.0	642.0	799.0	1.3333333333333333
F3070ACF4F	747	80.0	611.0	749.0	1.3333333333333333
F3070ACF4F	748	80.0	546.0	794.0	1.6666666666666665
F3070ACF4F	749	80.0	528.0	1191.0	1.3333333333333333
F3070ACF4F	750	80.0	477.0	172.0	1.6666666666666665
F3070ACF4F	751	80.0	431.0	722.0	1.3333333333333333
F3070ACF4F	752	80.0	423.0	701.0	1.3333333333333333
F3070ACF4F	753	80.0	419.0	520.0	1.3333333333333333
F3070ACF4F	754	80.0	403.0	1038.0	1.3333333333333333
F3070ACF4F	755	80.0	391.0	1118.0	1.3333333333333333
F3070ACF4F	756	80.0	387.0	271.0	1.3333333333333333
F3070ACF4F	757	80.0	379.0	274.0	1.6666666666666665
F3070ACF4F	758	80.0	341.0	803.0	1.3333333333333333
F3070ACF4F	759	80.0	251.0	1481.0	1.6666666666666665
F3070ACF4F	760	80.0	236.0	235.0	1.3333333333333333
F3070ACF4F	761	80.0	128.0	784.0	1.3333333333333333
F3070ACF4F	762	79.0	638.0	833.0	1.6666666666666665
F3070ACF4F	763	79.0	529.0	657.0	1.3333333333333333
F3070ACF4F	764	79.0	518.0	296.0	1.6666666666666665
F3070ACF4F	765	79.0	504.0	568.0	1.6666666666666665
F3070ACF4F	766	79.0	486.0	578.0	1.3333333333333333
F3070ACF4F	767	79.0	474.0	1132.0	1.3333333333333333
F3070ACF4F	768	79.0	423.0	529.0	1.6666666666666665
F3070ACF4F	769	79.0	410.0	1154.0	1.6666666666666665
F3070ACF4F	770	79.0	403.0	593.0	1.3333333333333333
F3070ACF4F	771	79.0	401.0	942.0	1.3333333333333333
F3070ACF4F	772	79.0	392.0	757.0	1.6666666666666665
F3070ACF4F	773	79.0	371.0	533.0	1.6666666666666665
F3070ACF4F	774	79.0	370.0	483.0	2.333333333333333
F3070ACF4F	775	79.0	370.0	346.0	1.3333333333333333
F3070ACF4F	776	79.0	367.0	79.0	1.6666666666666665
F3070ACF4F	777	79.0	355.0	466.0	1.6666666666666665
F3070ACF4F	778	79.0	322.0	359.0	1.6666666666666665
F3070ACF4F	779	79.0	302.0	15.0	1.6666666666666665
F3070ACF4F	780	79.0	212.0	130.0	1.6666666666666665
F3070ACF4F	781	79.0	170.0	48.0	1.3333333333333333
F3070ACF4F	782	79.0	102.0	646.0	1.3333333333333333
F3070ACF4F	783	78.0	771.0	1106.0	1.3333333333333333
F3070ACF4F	784	78.0	713.0	1100.0	1.6666666666666665
F3070ACF4F	785	78.0	620.0	773.0	1.3333333333333333
F3070ACF4F	786	78.0	614.0	756.0	1.3333333333333333
F3070ACF4F	787	78.0	602.0	936.0	1.3333333333333333
F3070ACF4F	788	78.0	598.0	800.0	1.3333333333333333
F3070ACF4F	789	78.0	597.0	775.0	2.0
F3070ACF4F	790	78.0	587.0	964.0	1.3333333333333333
F3070ACF4F	791	78.0	556.0	890.0	1.3333333333333333
F3070ACF4F	792	78.0	542.0	573.0	1.3333333333333333
F3070ACF4F	793	78.0	532.0	766.0	1.3333333333333333
F3070ACF4F	794	78.0	524.0	765.0	1.3333333333333333
F3070ACF4F	795	78.0	478.0	700.0	1.3333333333333333
F3070ACF4F	796	78.0	464.0	898.0	1.3333333333333333
F3070ACF4F	797	78.0	442.0	927.0	1.3333333333333333
F3070ACF4F	798	78.0	378.0	742.0	1.3333333333333333
F3070ACF4F	799	78.0	378.0	161.0	1.6666666666666665
F3070ACF4F	800	78.0	372.0	265.0	1.6666666666666665
F3070ACF4F	801	78.0	325.0	327.0	1.3333333333333333
F3070ACF4F	802	78.0	296.0	738.0	1.3333333333333333
F3070ACF4F	803	77.0	650.0	821.0	1.6666666666666665
F3070ACF4F	804	77.0	622.0	764.0	1.3333333333333333
F3070ACF4F	805	77.0	579.0	586.0	1.3333333333333333
F3070ACF4F	806	77.0	550.0	678.0	1.3333333333333333
F3070ACF4F	807	77.0	534.0	968.0	1.3333333333333333
F3070ACF4F	808	77.0	514.0	594.0	1.3333333333333333
F3070ACF4F	809	77.0	412.0	800.0	1.6666666666666665
F3070ACF4F	810	77.0	391.0	1077.0	1.3333333333333333
F3070ACF4F	811	77.0	371.0	648.0	1.3333333333333333
F3070ACF4F	812	77.0	351.0	911.0	1.6666666666666665
F3070ACF4F	813	77.0	345.0	117.0	1.3333333333333333
F3070ACF4F	814	77.0	301.0	266.0	1.6666666666666665
F3070ACF4F	815	77.0	292.0	693.0	1.3333333333333333
F3070ACF4F	816	77.0	253.0	882.0	1.6666666666666665
F3070ACF4F	817	76.0	725.0	1200.0	1.6666666666666665
F3070ACF4F	818	76.0	639.0	795.0	1.3333333333333333
F3070ACF4F	819	76.0	606.0	763.0	1.6666666666666665
F3070ACF4F	820	76.0	604.0	798.0	1.3333333333333333
F3070ACF4F	821	76.0	545.0	1101.0	1.3333333333333333
F3070ACF4F	822	76.0	544.0	845.0	1.3333333333333333
F3070ACF4F	823	76.0	534.0	691.0	1.3333333333333333
F3070ACF4F	824	76.0	490.0	1449.0	1.6666666666666665
F3070ACF4F	825	76.0	476.0	488.0	1.3333333333333333
F3070ACF4F	826	76.0	458.0	514.0	1.6666666666666665
F3070ACF4F	827	76.0	443.0	877.0	1.3333333333333333
F3070ACF4F	828	76.0	435.0	874.0	1.3333333333333333
F3070ACF4F	829	76.0	434.0	868.0	1.3333333333333333
F3070ACF4F	830	76.0	381.0	747.0	1.3333333333333333
F3070ACF4F	831	76.0	360.0	659.0	1.6666666666666665
F3070ACF4F	832	76.0	325.0	630.0	1.3333333333333333
F3070ACF4F	833	76.0	272.0	140.0	1.6666666666666665
F3070ACF4F	834	75.0	589.0	709.0	2.0
F3070ACF4F	835	75.0	553.0	830.0	1.6666666666666665
F3070ACF4F	836	75.0	467.0	183.0	1.3333333333333333
F3070ACF4F	837	75.0	420.0	1054.0	1.3333333333333333
F3070ACF4F	838	75.0	416.0	831.0	1.3333333333333333
F3070ACF4F	839	75.0	416.0	824.0	1.3333333333333333
F3070ACF4F	840	75.0	413.0	785.0	1.6666666666666665
F3070ACF4F	841	75.0	412.0	378.0	1.3333333333333333
F3070ACF4F	842	75.0	399.0	556.0	1.6666666666666665
F3070ACF4F	843	75.0	365.0	719.0	1.3333333333333333
F3070ACF4F	844	75.0	342.0	628.0	1.6666666666666665
F3070ACF4F	845	75.0	297.0	721.0	1.6666666666666665
F3070ACF4F	846	75.0	295.0	1416.0	1.6666666666666665
F3070ACF4F	847	75.0	222.0	39.0	1.3333333333333333
F3070ACF4F	848	75.0	107.0	664.0	1.3333333333333333
F3070ACF4F	849	74.0	726.0	579.0	1.6666666666666665
F3070ACF4F	850	74.0	627.0	832.0	1.3333333333333333
F3070ACF4F	851	74.0	594.0	1233.0	1.6666666666666665
F3070ACF4F	852	74.0	572.0	718.0	1.3333333333333333
F3070ACF4F	853	74.0	556.0	640.0	1.6666666666666665
F3070ACF4F	854	74.0	543.0	634.0	1.3333333333333333
F3070ACF4F	855	74.0	488.0	804.0	1.3333333333333333
F3070ACF4F	856	74.0	469.0	989.0	1.6666666666666665
F3070ACF4F	857	74.0	424.0	734.0	1.6666666666666665
F3070ACF4F	858	74.0	408.0	711.0	1.6666666666666665
F3070ACF4F	859	74.0	363.0	1032.0	1.6666666666666665
F3070ACF4F	860	74.0	354.0	739.0	1.6666666666666665
F3070ACF4F	861	74.0	348.0	640.0	1.6666666666666665
F3070ACF4F	862	74.0	312.0	611.0	1.3333333333333333
F3070ACF4F	863	74.0	246.0	73.0	1.6666666666666665
F3070ACF4F	864	74.0	216.0	77.0	1.3333333333333333
F3070ACF4F	865	74.0	210.0	22.0	1.6666666666666665
F3070ACF4F	866	74.0	161.0	181.0	1.3333333333333333
F3070ACF4F	867	73.0	748.0	563.0	1.6666666666666665
F3070ACF4F	868	73.0	690.0	1014.0	1.6666666666666665
F3070ACF4F	869	73.0	618.0	826.0	1.6666666666666665
F3070ACF4F	870	73.0	600.0	931.0	1.3333333333333333
F3070ACF4F	871	73.0	578.0	485.0	1.3333333333333333
F3070ACF4F	872	73.0	577.0	909.0	1.6666666666666665
F3070ACF4F	873	73.0	552.0	549.0	1.6666666666666665
F3070ACF4F	874	73.0	540.0	1028.0	1.6666666666666665
F3070ACF4F	875	73.0	522.0	590.0	2.0
F3070ACF4F	876	73.0	503.0	1180.0	1.6666666666666665
F3070ACF4F	877	73.0	392.0	148.0	1.6666666666666665
F3070ACF4F	878	73.0	381.0	416.0	1.6666666666666665
F3070ACF4F	879	73.0	370.0	217.0	1.6666666666666665
F3070ACF4F	880	73.0	369.0	108.0	1.3333333333333333
F3070ACF4F	881	73.0	358.0	7.0	1.6666666666666665
F3070ACF4F	882	73.0	353.0	372.0	1.6666666666666665
F3070ACF4F	883	73.0	353.0	118.0	1.3333333333333333
F3070ACF4F	884	73.0	340.0	7.0	2.0
F3070ACF4F	885	73.0	325.0	308.0	2.0
F3070ACF4F	886	73.0	271.0	24.0	1.6666666666666665
F3070ACF4F	887	73.0	270.0	212.0	1.6666666666666665
F3070ACF4F	888	73.0	225.0	153.0	1.6666666666666665
F3070ACF4F	889	73.0	204.0	9.0	1.6666666666666665
F3070ACF4F	890	73.0	168.0	460.0	1.3333333333333333
F3070ACF4F	891	73.0	129.0	773.0	1.6666666666666665
F3070ACF4F	892	72.0	625.0	796.0	1.6666666666666665
F3070ACF4F	893	72.0	616.0	782.0	1.6666666666666665
F3070ACF4F	894	72.0	595.0	875.0	1.3333333333333333
F3070ACF4F	895	72.0	591.0	1162.0	1.6666666666666665
F3070ACF4F	896	72.0	591.0	973.0	1.6666666666666665
F3070ACF4F	897	72.0	585.0	969.0	1.3333333333333333
F3070ACF4F	898	72.0	518.0	535.0	1.3333333333333333
F3070ACF4F	899	72.0	466.0	1003.0	1.6666666666666665
F3070ACF4F	900	72.0	429.0	342.0	1.3333333333333333
F3070ACF4F	901	72.0	422.0	91.0	1.3333333333333333
F3070ACF4F	902	72.0	416.0	1483.0	1.6666666666666665
F3070ACF4F	903	72.0	411.0	798.0	1.3333333333333333
F3070ACF4F	904	72.0	384.0	1462.0	1.6666666666666665
F3070ACF4F	905	72.0	369.0	742.0	1.3333333333333333
F3070ACF4F	906	72.0	366.0	541.0	1.6666666666666665
F3070ACF4F	907	72.0	359.0	74.0	1.6666666666666665
F3070ACF4F	908	72.0	320.0	490.0	1.6666666666666665
F3070ACF4F	909	72.0	311.0	421.0	1.6666666666666665
F3070ACF4F	910	72.0	295.0	75.0	1.3333333333333333
F3070ACF4F	911	71.0	682.0	1015.0	1.3333333333333333
F3070ACF4F	912	71.0	647.0	804.0	1.3333333333333333
F3070ACF4F	913	71.0	626.0	801.0	1.3333333333333333
F3070ACF4F	914	71.0	556.0	684.0	1.6666666666666665
F3070ACF4F	915	71.0	522.0	550.0	1.6666666666666665
F3070ACF4F	916	71.0	519.0	576.0	1.3333333333333333
F3070ACF4F	917	71.0	511.0	669.0	1.6666666666666665
F3070ACF4F	918	71.0	455.0	750.0	1.6666666666666665
F3070ACF4F	919	71.0	443.0	1188.0	1.3333333333333333
F3070ACF4F	920	71.0	431.0	966.0	1.6666666666666665
F3070ACF4F	921	71.0	396.0	1020.0	1.3333333333333333
F3070ACF4F	922	71.0	395.0	972.0	1.3333333333333333
F3070ACF4F	923	71.0	349.0	64.0	1.3333333333333333
F3070ACF4F	924	71.0	346.0	558.0	1.6666666666666665
F3070ACF4F	925	71.0	318.0	148.0	2.0
F3070ACF4F	926	71.0	315.0	556.0	1.3333333333333333
F3070ACF4F	927	71.0	270.0	68.0	1.3333333333333333
F3070ACF4F	928	71.0	264.0	636.0	1.3333333333333333
F3070ACF4F	929	71.0	247.0	80.0	1.3333333333333333
F3070ACF4F	930	70.0	642.0	892.0	1.3333333333333333
F3070ACF4F	931	70.0	626.0	846.0	1.3333333333333333
F3070ACF4F	932	70.0	607.0	764.0	1.3333333333333333
F3070ACF4F	933	70.0	554.0	612.0	1.6666666666666665
F3070ACF4F	934	70.0	454.0	918.0	1.3333333333333333
F3070ACF4F	935	70.0	411.0	991.0	1.3333333333333333
F3070ACF4F	936	70.0	380.0	106.0	1.3333333333333333
F3070ACF4F	937	70.0	368.0	1445.0	1.3333333333333333
F3070ACF4F	938	70.0	335.0	263.0	1.6666666666666665
F3070ACF4F	939	70.0	333.0	245.0	2.0
F3070ACF4F	940	70.0	311.0	459.0	1.3333333333333333
F3070ACF4F	941	70.0	289.0	700.0	1.3333333333333333
F3070ACF4F	942	70.0	279.0	234.0	1.3333333333333333
F3070ACF4F	943	70.0	186.0	8.0	1.6666666666666665
F3070ACF4F	944	69.0	636.0	1048.0	1.3333333333333333
F3070ACF4F	945	69.0	634.0	850.0	1.3333333333333333
F3070ACF4F	946	69.0	623.0	939.0	1.3333333333333333
F3070ACF4F	947	69.0	560.0	639.0	1.3333333333333333
F3070ACF4F	948	69.0	494.0	662.0	1.3333333333333333
F3070ACF4F	949	69.0	488.0	512.0	1.3333333333333333
F3070ACF4F	950	69.0	371.0	36.0	1.3333333333333333
F3070ACF4F	951	69.0	360.0	829.0	1.3333333333333333
F3070ACF4F	952	69.0	328.0	656.0	1.3333333333333333
F3070ACF4F	953	69.0	319.0	314.0	1.3333333333333333
F3070ACF4F	954	69.0	307.0	570.0	1.3333333333333333
F3070ACF4F	955	69.0	305.0	444.0	1.3333333333333333
F3070ACF4F	956	69.0	191.0	129.0	1.6666666666666665
F3070ACF4F	957	69.0	177.0	586.0	1.6666666666666665
F3070ACF4F	958	68.0	722.0	1165.0	1.3333333333333333
F3070ACF4F	959	68.0	718.0	1131.0	1.3333333333333333
F3070ACF4F	960	68.0	619.0	748.0	1.3333333333333333
F3070ACF4F	961	68.0	537.0	585.0	1.3333333333333333
F3070ACF4F	962	68.0	534.0	1017.0	1.6666666666666665
F3070ACF4F	963	68.0	487.0	818.0	1.6666666666666665
F3070ACF4F	964	68.0	471.0	1117.0	1.3333333333333333
F3070ACF4F	965	68.0	452.0	368.0	1.6666666666666665
F3070ACF4F	966	68.0	449.0	348.0	1.3333333333333333
F3070ACF4F	967	68.0	444.0	376.0	1.3333333333333333
F3070ACF4F	968	68.0	423.0	202.0	1.6666666666666665
F3070ACF4F	969	68.0	417.0	863.0	1.3333333333333333
F3070ACF4F	970	68.0	328.0	107.0	1.6666666666666665
F3070ACF4F	971	68.0	327.0	174.0	1.6666666666666665
F3070ACF4F	972	68.0	307.0	283.0	1.6666666666666665
F3070ACF4F	973	68.0	254.0	115.0	1.6666666666666665
F3070ACF4F	974	67.0	636.0	614.0	1.6666666666666665
F3070ACF4F	975	67.0	572.0	702.0	1.6666666666666665
F3070ACF4F	976	67.0	542.0	596.0	1.3333333333333333
F3070ACF4F	977	67.0	527.0	532.0	1.3333333333333333
F3070ACF4F	978	67.0	502.0	981.0	1.6666666666666665
F3070ACF4F	979	67.0	475.0	355.0	1.3333333333333333
F3070ACF4F	980	67.0	443.0	348.0	1.3333333333333333
F3070ACF4F	981	67.0	417.0	1155.0	1.6666666666666665
F3070ACF4F	982	67.0	406.0	153.0	1.6666666666666665
F3070ACF4F	983	67.0	402.0	514.0	1.3333333333333333
F3070ACF4F	984	67.0	381.0	894.0	1.3333333333333333
F3070ACF4F	985	67.0	369.0	161.0	1.3333333333333333
F3070ACF4F	986	67.0	352.0	403.0	1.3333333333333333
F3070ACF4F	987	67.0	346.0	824.0	1.3333333333333333
F3070ACF4F	988	67.0	344.0	98.0	1.3333333333333333
F3070ACF4F	989	67.0	332.0	293.0	1.3333333333333333
F3070ACF4F	990	67.0	313.0	1227.0	1.6666666666666665
F3070ACF4F	991	67.0	312.0	664.0	1.3333333333333333
F3070ACF4F	992	67.0	299.0	81.0	1.3333333333333333
F3070ACF4F	993	67.0	249.0	296.0	1.3333333333333333
F3070ACF4F	994	66.0	632.0	756.0	1.3333333333333333
F3070ACF4F	995	66.0	626.0	806.0	1.3333333333333333
F3070ACF4F	996	66.0	609.0	753.0	1.3333333333333333
F3070ACF4F	997	66.0	580.0	432.0	1.6666666666666665
F3070ACF4F	998	66.0	505.0	515.0	1.6666666666666665
F3070ACF4F	999	66.0	424.0	818.0	1.6666666666666665
F3070ACF4F	1000	66.0	420.0	574.0	1.6666666666666665
F3070ACF4F	1001	66.0	396.0	219.0	1.3333333333333333
F3070ACF4F	1002	66.0	369.0	318.0	1.6666666666666665
F3070ACF4F	1003	66.0	298.0	71.0	1.3333333333333333
F3070ACF4F	1004	66.0	236.0	125.0	1.3333333333333333
F3070ACF4F	1005	66.0	190.0	456.0	1.3333333333333333
F3070ACF4F	1006	65.0	663.0	848.0	2.0
F3070ACF4F	1007	65.0	626.0	955.0	1.3333333333333333
F3070ACF4F	1008	65.0	622.0	1066.0	1.6666666666666665
F3070ACF4F	1009	65.0	585.0	873.0	1.6666666666666665
F3070ACF4F	1010	65.0	578.0	936.0	1.3333333333333333
F3070ACF4F	1011	65.0	578.0	501.0	1.6666666666666665
F3070ACF4F	1012	65.0	564.0	587.0	1.3333333333333333
F3070ACF4F	1013	65.0	551.0	605.0	1.6666666666666665
F3070ACF4F	1014	65.0	551.0	587.0	1.3333333333333333
F3070ACF4F	1015	65.0	532.0	584.0	1.3333333333333333
F3070ACF4F	1016	65.0	408.0	533.0	1.3333333333333333
F3070ACF4F	1017	65.0	365.0	797.0	1.6666666666666665
F3070ACF4F	1018	65.0	347.0	80.0	1.3333333333333333
F3070ACF4F	1019	65.0	345.0	59.0	1.3333333333333333
F3070ACF4F	1020	65.0	329.0	581.0	1.6666666666666665
F3070ACF4F	1021	65.0	324.0	318.0	1.3333333333333333
F3070ACF4F	1022	65.0	308.0	298.0	1.3333333333333333
F3070ACF4F	1023	65.0	266.0	217.0	1.6666666666666665
F3070ACF4F	1024	64.0	588.0	1113.0	1.3333333333333333
F3070ACF4F	1025	64.0	574.0	600.0	1.3333333333333333
F3070ACF4F	1026	64.0	536.0	542.0	1.3333333333333333
F3070ACF4F	1027	64.0	533.0	433.0	1.3333333333333333
F3070ACF4F	1028	64.0	496.0	825.0	1.6666666666666665
F3070ACF4F	1029	64.0	384.0	739.0	1.3333333333333333
F3070ACF4F	1030	64.0	359.0	910.0	1.3333333333333333
F3070ACF4F	1031	64.0	342.0	865.0	1.6666666666666665
F3070ACF4F	1032	64.0	297.0	713.0	1.3333333333333333
F3070ACF4F	1033	64.0	253.0	67.0	1.3333333333333333
F3070ACF4F	1034	64.0	148.0	654.0	1.3333333333333333
F3070ACF4F	1035	63.0	652.0	975.0	1.6666666666666665
F3070ACF4F	1036	63.0	592.0	783.0	1.3333333333333333
F3070ACF4F	1037	63.0	555.0	615.0	1.6666666666666665
F3070ACF4F	1038	63.0	472.0	317.0	1.6666666666666665
F3070ACF4F	1039	63.0	467.0	537.0	1.6666666666666665
F3070ACF4F	1040	63.0	442.0	893.0	1.3333333333333333
F3070ACF4F	1041	63.0	423.0	682.0	1.6666666666666665
F3070ACF4F	1042	63.0	385.0	885.0	1.6666666666666665
F3070ACF4F	1043	63.0	381.0	785.0	1.6666666666666665
F3070ACF4F	1044	63.0	340.0	655.0	1.6666666666666665
F3070ACF4F	1045	63.0	299.0	298.0	1.3333333333333333
F3070ACF4F	1046	62.0	628.0	991.0	1.6666666666666665
F3070ACF4F	1047	62.0	625.0	901.0	1.3333333333333333
F3070ACF4F	1048	62.0	598.0	1312.0	1.3333333333333333
F3070ACF4F	1049	62.0	577.0	696.0	1.3333333333333333
F3070ACF4F	1050	62.0	557.0	698.0	1.6666666666666665
F3070ACF4F	1051	62.0	550.0	625.0	1.3333333333333333
F3070ACF4F	1052	62.0	487.0	975.0	1.3333333333333333
F3070ACF4F	1053	62.0	441.0	460.0	1.6666666666666665
F3070ACF4F	1054	62.0	436.0	850.0	1.3333333333333333
F3070ACF4F	1055	62.0	403.0	204.0	1.3333333333333333
F3070ACF4F	1056	62.0	354.0	65.0	1.3333333333333333
F3070ACF4F	1057	62.0	347.0	1415.0	1.3333333333333333
F3070ACF4F	1058	62.0	340.0	427.0	1.3333333333333333
F3070ACF4F	1059	62.0	258.0	134.0	1.3333333333333333
F3070ACF4F	1060	61.0	559.0	687.0	1.6666666666666665
F3070ACF4F	1061	61.0	552.0	604.0	1.6666666666666665
F3070ACF4F	1062	61.0	537.0	1306.0	1.3333333333333333
F3070ACF4F	1063	61.0	461.0	769.0	1.6666666666666665
F3070ACF4F	1064	61.0	385.0	229.0	1.3333333333333333
F3070ACF4F	1065	61.0	360.0	1060.0	1.3333333333333333
F3070ACF4F	1066	61.0	358.0	746.0	1.6666666666666665
F3070ACF4F	1067	61.0	350.0	835.0	1.3333333333333333
F3070ACF4F	1068	61.0	283.0	577.0	1.3333333333333333
F3070ACF4F	1069	61.0	219.0	142.0	1.3333333333333333
F3070ACF4F	1070	60.0	612.0	1315.0	1.3333333333333333
F3070ACF4F	1071	60.0	588.0	1250.0	1.6666666666666665
F3070ACF4F	1072	60.0	578.0	1139.0	1.3333333333333333
F3070ACF4F	1073	60.0	522.0	407.0	1.6666666666666665
F3070ACF4F	1074	60.0	512.0	398.0	1.6666666666666665
F3070ACF4F	1075	60.0	505.0	578.0	1.3333333333333333
F3070ACF4F	1076	60.0	422.0	1205.0	1.3333333333333333
F3070ACF4F	1077	60.0	413.0	675.0	1.6666666666666665
F3070ACF4F	1078	60.0	413.0	279.0	1.3333333333333333
F3070ACF4F	1079	60.0	386.0	1058.0	1.3333333333333333
F3070ACF4F	1080	60.0	380.0	523.0	1.6666666666666665
F3070ACF4F	1081	60.0	379.0	490.0	1.3333333333333333
F3070ACF4F	1082	60.0	368.0	199.0	1.6666666666666665
F3070ACF4F	1083	60.0	365.0	205.0	1.3333333333333333
F3070ACF4F	1084	60.0	361.0	858.0	1.6666666666666665
F3070ACF4F	1085	60.0	359.0	101.0	1.6666666666666665
F3070ACF4F	1086	60.0	325.0	794.0	1.3333333333333333
F3070ACF4F	1087	60.0	316.0	657.0	1.3333333333333333
F3070ACF4F	1088	60.0	227.0	113.0	1.6666666666666665
F3070ACF4F	1089	59.0	561.0	661.0	1.6666666666666665
F3070ACF4F	1090	59.0	525.0	354.0	1.3333333333333333
F3070ACF4F	1091	59.0	500.0	449.0	1.3333333333333333
F3070ACF4F	1092	59.0	452.0	415.0	1.6666666666666665
F3070ACF4F	1093	59.0	448.0	1130.0	1.6666666666666665
F3070ACF4F	1094	59.0	378.0	1061.0	1.3333333333333333
F3070ACF4F	1095	59.0	377.0	851.0	1.6666666666666665
F3070ACF4F	1096	59.0	357.0	400.0	1.6666666666666665
F3070ACF4F	1097	59.0	353.0	760.0	1.3333333333333333
F3070ACF4F	1098	59.0	334.0	308.0	1.6666666666666665
F3070ACF4F	1099	59.0	235.0	111.0	1.6666666666666665
F3070ACF4F	1100	59.0	202.0	377.0	1.3333333333333333
F3070ACF4F	1101	58.0	619.0	1027.0	1.6666666666666665
F3070ACF4F	1102	58.0	593.0	778.0	1.3333333333333333
F3070ACF4F	1103	58.0	589.0	1040.0	1.3333333333333333
F3070ACF4F	1104	58.0	586.0	1016.0	1.3333333333333333
F3070ACF4F	1105	58.0	563.0	1282.0	1.6666666666666665
F3070ACF4F	1106	58.0	562.0	634.0	1.6666666666666665
F3070ACF4F	1107	58.0	560.0	593.0	1.6666666666666665
F3070ACF4F	1108	58.0	544.0	390.0	1.3333333333333333
F3070ACF4F	1109	58.0	529.0	596.0	1.3333333333333333
F3070ACF4F	1110	58.0	518.0	781.0	1.6666666666666665
F3070ACF4F	1111	58.0	485.0	527.0	1.3333333333333333
F3070ACF4F	1112	58.0	476.0	516.0	1.3333333333333333
F3070ACF4F	1113	58.0	456.0	1210.0	1.3333333333333333
F3070ACF4F	1114	58.0	433.0	513.0	1.3333333333333333
F3070ACF4F	1115	58.0	429.0	1269.0	1.6666666666666665
F3070ACF4F	1116	58.0	416.0	174.0	1.6666666666666665
F3070ACF4F	1117	58.0	394.0	812.0	1.3333333333333333
F3070ACF4F	1118	58.0	391.0	1008.0	1.6666666666666665
F3070ACF4F	1119	58.0	388.0	575.0	1.6666666666666665
F3070ACF4F	1120	58.0	341.0	726.0	1.6666666666666665
F3070ACF4F	1121	58.0	268.0	218.0	1.6666666666666665
F3070ACF4F	1122	58.0	259.0	256.0	1.3333333333333333
F3070ACF4F	1123	57.0	558.0	701.0	2.6666666666666665
F3070ACF4F	1124	57.0	549.0	727.0	1.3333333333333333
F3070ACF4F	1125	57.0	542.0	563.0	1.6666666666666665
F3070ACF4F	1126	57.0	440.0	585.0	1.3333333333333333
F3070ACF4F	1127	57.0	429.0	1233.0	1.6666666666666665
F3070ACF4F	1128	57.0	397.0	819.0	1.3333333333333333
F3070ACF4F	1129	57.0	353.0	453.0	1.3333333333333333
F3070ACF4F	1130	57.0	328.0	1311.0	1.3333333333333333
F3070ACF4F	1131	57.0	296.0	137.0	1.6666666666666665
F3070ACF4F	1132	57.0	281.0	79.0	1.6666666666666665
F3070ACF4F	1133	57.0	244.0	71.0	1.3333333333333333
F3070ACF4F	1134	56.0	640.0	996.0	1.6666666666666665
F3070ACF4F	1135	56.0	634.0	1018.0	1.6666666666666665
F3070ACF4F	1136	56.0	525.0	892.0	1.3333333333333333
F3070ACF4F	1137	56.0	525.0	500.0	1.3333333333333333
F3070ACF4F	1138	56.0	491.0	819.0	1.3333333333333333
F3070ACF4F	1139	56.0	470.0	344.0	1.6666666666666665
F3070ACF4F	1140	56.0	460.0	292.0	1.6666666666666665
F3070ACF4F	1141	56.0	440.0	678.0	1.3333333333333333
F3070ACF4F	1142	56.0	386.0	890.0	1.3333333333333333
F3070ACF4F	1143	56.0	385.0	732.0	1.6666666666666665
F3070ACF4F	1144	56.0	369.0	958.0	1.3333333333333333
F3070ACF4F	1145	56.0	346.0	340.0	1.3333333333333333
F3070ACF4F	1146	56.0	345.0	260.0	1.3333333333333333
F3070ACF4F	1147	56.0	325.0	914.0	1.6666666666666665
F3070ACF4F	1148	56.0	315.0	150.0	1.6666666666666665
F3070ACF4F	1149	56.0	247.0	161.0	1.6666666666666665
F3070ACF4F	1150	56.0	150.0	425.0	1.3333333333333333
F3070ACF4F	1151	55.0	577.0	729.0	1.3333333333333333
F3070ACF4F	1152	55.0	555.0	1126.0	1.3333333333333333
F3070ACF4F	1153	55.0	379.0	575.0	1.6666666666666665
F3070ACF4F	1154	55.0	375.0	507.0	1.6666666666666665
F3070ACF4F	1155	55.0	373.0	859.0	1.3333333333333333
F3070ACF4F	1156	55.0	305.0	520.0	1.3333333333333333
F3070ACF4F	1157	55.0	276.0	254.0	1.6666666666666665
F3070ACF4F	1158	55.0	274.0	262.0	1.3333333333333333
F3070ACF4F	1159	55.0	225.0	165.0	1.6666666666666665
F3070ACF4F	1160	54.0	637.0	1101.0	1.3333333333333333
F3070ACF4F	1161	54.0	547.0	716.0	1.6666666666666665
F3070ACF4F	1162	54.0	522.0	898.0	1.3333333333333333
F3070ACF4F	1163	54.0	450.0	298.0	1.3333333333333333
F3070ACF4F	1164	54.0	414.0	473.0	1.3333333333333333
F3070ACF4F	1165	54.0	407.0	754.0	1.3333333333333333
F3070ACF4F	1166	54.0	382.0	160.0	1.3333333333333333
F3070ACF4F	1167	54.0	366.0	395.0	1.3333333333333333
F3070ACF4F	1168	54.0	348.0	542.0	2.0
F3070ACF4F	1169	54.0	257.0	200.0	1.6666666666666665
F3070ACF4F	1170	53.0	649.0	1099.0	1.3333333333333333
F3070ACF4F	1171	53.0	570.0	926.0	1.3333333333333333
F3070ACF4F	1172	53.0	496.0	502.0	1.6666666666666665
F3070ACF4F	1173	53.0	489.0	588.0	1.3333333333333333
F3070ACF4F	1174	53.0	461.0	1003.0	1.6666666666666665
F3070ACF4F	1175	53.0	424.0	427.0	1.6666666666666665
F3070ACF4F	1176	53.0	399.0	677.0	1.3333333333333333
F3070ACF4F	1177	53.0	345.0	840.0	1.6666666666666665
F3070ACF4F	1178	53.0	328.0	399.0	1.3333333333333333
F3070ACF4F	1179	53.0	327.0	521.0	1.3333333333333333
F3070ACF4F	1180	53.0	294.0	530.0	1.6666666666666665
F3070ACF4F	1181	53.0	285.0	282.0	1.6666666666666665
F3070ACF4F	1182	53.0	276.0	133.0	1.3333333333333333
F3070ACF4F	1183	53.0	263.0	122.0	1.3333333333333333
F3070ACF4F	1184	53.0	248.0	136.0	1.6666666666666665
F3070ACF4F	1185	52.0	541.0	549.0	1.6666666666666665
F3070ACF4F	1186	52.0	539.0	703.0	1.3333333333333333
F3070ACF4F	1187	52.0	500.0	707.0	1.3333333333333333
F3070ACF4F	1188	52.0	488.0	647.0	1.3333333333333333
F3070ACF4F	1189	52.0	479.0	775.0	1.6666666666666665
F3070ACF4F	1190	52.0	477.0	564.0	2.0
F3070ACF4F	1191	52.0	463.0	1075.0	1.6666666666666665
F3070ACF4F	1192	52.0	459.0	1129.0	1.3333333333333333
F3070ACF4F	1193	52.0	345.0	813.0	1.3333333333333333
F3070ACF4F	1194	52.0	343.0	573.0	1.6666666666666665
F3070ACF4F	1195	52.0	236.0	191.0	1.6666666666666665
F3070ACF4F	1196	51.0	549.0	691.0	1.3333333333333333
F3070ACF4F	1197	51.0	536.0	522.0	1.6666666666666665
F3070ACF4F	1198	51.0	527.0	612.0	1.3333333333333333
F3070ACF4F	1199	51.0	500.0	579.0	1.6666666666666665
F3070ACF4F	1200	51.0	366.0	741.0	1.3333333333333333
F3070ACF4F	1201	51.0	339.0	521.0	1.6666666666666665
F3070ACF4F	1202	51.0	251.0	107.0	1.3333333333333333
F3070ACF4F	1203	50.0	425.0	280.0	1.3333333333333333
F3070ACF4F	1204	50.0	417.0	818.0	1.3333333333333333
F3070ACF4F	1205	50.0	412.0	831.0	1.6666666666666665
F3070ACF4F	1206	50.0	393.0	850.0	1.6666666666666665
F3070ACF4F	1207	50.0	310.0	303.0	1.3333333333333333
F3070ACF4F	1208	49.0	608.0	1032.0	1.3333333333333333
F3070ACF4F	1209	49.0	565.0	899.0	1.6666666666666665
F3070ACF4F	1210	49.0	506.0	382.0	1.6666666666666665
F3070ACF4F	1211	49.0	490.0	394.0	1.6666666666666665
F3070ACF4F	1212	49.0	451.0	474.0	1.6666666666666665
F3070ACF4F	1213	49.0	434.0	850.0	1.3333333333333333
F3070ACF4F	1214	49.0	403.0	1085.0	1.3333333333333333
F3070ACF4F	1215	49.0	385.0	887.0	1.3333333333333333
F3070ACF4F	1216	49.0	368.0	584.0	1.6666666666666665
F3070ACF4F	1217	49.0	355.0	726.0	1.6666666666666665
F3070ACF4F	1218	49.0	309.0	531.0	1.3333333333333333
F3070ACF4F	1219	49.0	305.0	535.0	1.6666666666666665
F3070ACF4F	1220	49.0	264.0	230.0	1.3333333333333333
F3070ACF4F	1221	49.0	255.0	201.0	1.6666666666666665
F3070ACF4F	1222	49.0	252.0	258.0	1.6666666666666665
F3070ACF4F	1223	48.0	525.0	1128.0	1.6666666666666665
F3070ACF4F	1224	48.0	481.0	805.0	1.6666666666666665
F3070ACF4F	1225	48.0	460.0	311.0	1.6666666666666665
F3070ACF4F	1226	48.0	414.0	880.0	1.6666666666666665
F3070ACF4F	1227	48.0	351.0	463.0	1.3333333333333333
F3070ACF4F	1228	48.0	292.0	177.0	2.0
F3070ACF4F	1229	48.0	277.0	209.0	1.6666666666666665
F3070ACF4F	1230	48.0	268.0	140.0	1.6666666666666665
F3070ACF4F	1231	47.0	562.0	785.0	1.3333333333333333
F3070ACF4F	1232	47.0	471.0	972.0	1.3333333333333333
F3070ACF4F	1233	47.0	464.0	350.0	1.3333333333333333
F3070ACF4F	1234	47.0	459.0	1161.0	1.3333333333333333
F3070ACF4F	1235	47.0	332.0	522.0	1.6666666666666665
F3070ACF4F	1236	47.0	321.0	537.0	1.6666666666666665
F3070ACF4F	1237	47.0	318.0	520.0	1.3333333333333333
F3070ACF4F	1238	47.0	315.0	401.0	1.3333333333333333
F3070ACF4F	1239	47.0	302.0	519.0	1.3333333333333333
F3070ACF4F	1240	46.0	705.0	1262.0	1.6666666666666665
F3070ACF4F	1241	46.0	666.0	1228.0	1.3333333333333333
F3070ACF4F	1242	46.0	506.0	640.0	1.6666666666666665
F3070ACF4F	1243	46.0	496.0	858.0	1.6666666666666665
F3070ACF4F	1244	46.0	465.0	1276.0	1.3333333333333333
F3070ACF4F	1245	46.0	411.0	1041.0	1.3333333333333333
F3070ACF4F	1246	46.0	329.0	361.0	1.6666666666666665
F3070ACF4F	1247	45.0	526.0	733.0	1.6666666666666665
F3070ACF4F	1248	45.0	476.0	671.0	1.3333333333333333
F3070ACF4F	1249	45.0	398.0	809.0	1.3333333333333333
F3070ACF4F	1250	45.0	343.0	457.0	1.6666666666666665
F3070ACF4F	1251	45.0	282.0	342.0	1.3333333333333333
F3070ACF4F	1252	45.0	257.0	232.0	1.3333333333333333
F3070ACF4F	1253	45.0	252.0	330.0	1.6666666666666665
F3070ACF4F	1254	44.0	661.0	1240.0	1.3333333333333333
F3070ACF4F	1255	44.0	507.0	1121.0	1.3333333333333333
F3070ACF4F	1256	44.0	500.0	594.0	1.6666666666666665
F3070ACF4F	1257	44.0	494.0	608.0	1.6666666666666665
F3070ACF4F	1258	44.0	483.0	1103.0	1.3333333333333333
F3070ACF4F	1259	44.0	442.0	1129.0	1.6666666666666665
F3070ACF4F	1260	44.0	435.0	1153.0	1.3333333333333333
F3070ACF4F	1261	44.0	388.0	1189.0	1.6666666666666665
F3070ACF4F	1262	43.0	283.0	252.0	1.6666666666666665
F3070ACF4F	1263	42.0	532.0	841.0	1.3333333333333333
F3070ACF4F	1264	42.0	510.0	840.0	1.3333333333333333
F3070ACF4F	1265	42.0	276.0	469.0	1.6666666666666665
F3070ACF4F	1266	41.0	597.0	1145.0	1.6666666666666665
F3070ACF4F	1267	41.0	513.0	750.0	1.6666666666666665
F3070ACF4F	1268	41.0	500.0	1261.0	1.3333333333333333
F3070ACF4F	1269	41.0	478.0	1083.0	1.3333333333333333
F3070ACF4F	1270	41.0	285.0	297.0	1.6666666666666665
F3070ACF4F	1271	41.0	266.0	310.0	1.3333333333333333
F3070ACF4F	1272	40.0	529.0	783.0	1.3333333333333333
F3070ACF4F	1273	39.0	553.0	871.0	1.3333333333333333
F3070ACF4F	1274	39.0	529.0	1111.0	1.3333333333333333
F3070ACF4F	1275	39.0	499.0	747.0	1.6666666666666665
F3070ACF4F	1276	39.0	477.0	683.0	1.6666666666666665
F3070ACF4F	1277	39.0	426.0	910.0	1.3333333333333333
F3070ACF4F	1278	39.0	306.0	453.0	1.6666666666666665
F3070ACF4F	1279	39.0	259.0	420.0	1.3333333333333333
F3070ACF4F	1280	38.0	475.0	361.0	1.3333333333333333
F3070ACF4F	1281	38.0	411.0	907.0	1.3333333333333333
F3070ACF4F	1282	37.0	613.0	1245.0	1.3333333333333333
F3070ACF4F	1283	37.0	528.0	846.0	1.6666666666666665
F3070ACF4F	1284	37.0	449.0	1211.0	1.3333333333333333
F3070ACF4F	1285	37.0	317.0	421.0	1.3333333333333333
F3070ACF4F	1286	37.0	268.0	422.0	1.3333333333333333
F3070ACF4F	1287	36.0	624.0	1178.0	1.6666666666666665
F3070ACF4F	1288	36.0	526.0	887.0	1.6666666666666665
F3070ACF4F	1289	36.0	516.0	1142.0	1.6666666666666665
F3070ACF4F	1290	36.0	496.0	1169.0	1.6666666666666665
F3070ACF4F	1291	36.0	364.0	588.0	1.3333333333333333
F3070ACF4F	1292	36.0	326.0	415.0	1.6666666666666665
F3070ACF4F	1293	35.0	512.0	851.0	2.0
F3070ACF4F	1294	35.0	488.0	768.0	1.6666666666666665
F3070ACF4F	1295	34.0	577.0	1113.0	1.3333333333333333
F3070ACF4F	1296	34.0	322.0	409.0	1.6666666666666665
F3070ACF4F	1297	33.0	494.0	833.0	1.3333333333333333
F3070ACF4F	1298	32.0	578.0	1070.0	1.3333333333333333
F3070ACF4F	1299	32.0	295.0	410.0	1.6666666666666665
F3070ACF4F	1300	31.0	486.0	1008.0	1.6666666666666665
F3070ACF4F	1301	31.0	477.0	851.0	1.3333333333333333
F3070ACF4F	1302	31.0	464.0	350.0	1.6666666666666665
F3070ACF4F	1303	30.0	438.0	887.0	1.3333333333333333
F3070ACF4F	1304	30.0	306.0	294.0	2.0
F3070ACF4F	1305	27.0	488.0	1159.0	1.3333333333333333
F3070ACF4F	1306	27.0	488.0	951.0	1.6666666666666665
F3070ACF4F	1307	27.0	298.0	428.0	1.6666666666666665
F3070ACF4F	1308	25.0	147.0	1035.0	1.3333333333333333
F3070ACF4F	1309	24.0	481.0	1137.0	1.3333333333333333
F3070ACF4F	1310	19.0	78.0	416.0	1.6666666666666665
F3070ACF4F	1311	14.0	364.0	329.0	1.6666666666666665
