Source Name	Cell ID	PC 1	PC 2	PC 3	PC 4	PC 5	PC 6	PC 7	PC 8	PC 9	PC 10	PC 11	PC 12	PC 13	PC 14	PC 15	PC 16	PC 17	PC 18	PC 19	PC 20
4C059E69BC	1	1.352200284714629	2.2572984200458888	6.858068315530374	0.39207267487711484	0.6455829831208817	2.083096916267432	2.7590075814630826	-0.05142883203380677	-1.8948593345114095	0.3525280151328045	0.8745604958160075	0.6625791927499929	0.4559699110892268	-1.9560074020620988	-1.1023167126632218	1.152076312136927	-0.11995834500834168	-0.03657533588690831	0.3370787404180877	-0.2486552340858803
4C059E69BC	2	0.9235547482645807	-0.8947966559625936	3.545701330430627	4.5583613588409815	-3.3599249898820496	-1.6361578347253998	-2.526121378584838	0.6369204708413889	0.24158905182090917	-1.3304288269670084	1.1340433349244865	0.7475531373761779	0.1887147560548428	0.7721466139135309	-0.10902010434167142	-0.49699731360049626	0.07266485266870215	0.9322959640779198	-0.02752231834710095	-0.2873928482183543
4C059E69BC	3	-0.6441596121557338	-3.2065909242564277	5.544864842713149	0.9086898414704105	-1.7606309543871816	-0.11804980792706576	-1.115757684961027	0.574425485747021	-0.5661164245864865	0.4167926049090338	-0.43641541350033297	0.6403368942742418	-0.22819804770132632	-0.8232954767590535	0.8398861168913525	0.7779190106829307	0.42010742907262677	0.7696470502391082	0.1340613054624722	-0.22735491752480597
4C059E69BC	4	2.788447358230512	2.0069279404909506	5.468982493437909	1.3869666810348296	0.14703099099327943	-0.22261516742109766	0.2477534542482669	-0.00870190779740554	0.012164289985903576	-0.5123502847478714	-0.6307485920950581	-0.11516291932226608	0.7473005584115064	-0.7551067696248772	0.13818361839622906	-0.3835457804499326	-0.3629491495640196	0.004522787917231819	-0.07178167399491109	0.34227328582683514
4C059E69BC	5	1.792546957267009	0.7007825428237208	-0.5038446230270217	0.11314932935494859	0.6408987763071643	3.1322262586724845	2.3809613962929017	-3.184077371175519	-0.4751313836985074	-1.0929691983370697	1.1518220716345358	-0.025459856623959	-0.2187962753483532	-0.09270382828174917	0.5908882376061468	-1.3306446525648354	-0.22029094380967895	-0.3054291002669378	-0.8418454229343286	0.34062818636161163
4C059E69BC	6	-2.6921963756268688	1.926828683863587	4.700380168568997	-0.41840039653525984	0.0645203631446627	-0.8860622227954353	-0.8928824732482479	0.9929863698702661	-1.4244709497452743	0.42049104172837537	-1.312893774839205	0.3949183258761959	-0.7438726745534332	-0.2686813688991805	-0.573881134005295	0.2090158140987967	-0.1438218435286409	0.2719224214246163	0.3427638050560535	-0.12990761349994306
4C059E69BC	7	-2.7688885128997227	-3.666775668521591	1.9286028583897725	3.333797320560203	-0.8025434830301457	1.0275728503556811	-1.6276911362447013	-1.1674444681601948	-0.7268236831624155	-0.9760683659567457	0.5325007870473523	-0.6418151402762877	-0.698110201607264	-0.11758639189136488	1.57453330581449	0.6733335486685016	0.203578430747126	0.562705932957112	0.5014093629447505	-0.15509253551010138
4C059E69BC	8	-4.770914136435875	-1.9262737188315948	4.104776316436058	1.1395136108154862	-1.6825096429817492	0.6756630163357427	-1.5028684567063468	-1.0177605142227826	-1.3112506912196378	-1.4789998675137996	-0.8829176192599403	-1.1788270837905035	-0.38952399838963814	0.34919472633155735	1.0051328147784657	1.1218119532311874	0.3461624927622473	0.8719621462076079	0.2193236977324684	-0.09697011998333194
4C059E69BC	9	-2.866493561113726	4.819196790975752	3.694818176231638	-1.5132830559704988	2.1637677970906424	-1.2080749939983706	-0.1904016880138375	0.006654322158585302	0.2530456118264648	-0.09241995597115982	-0.1378312847889075	-0.6703554062974728	-0.12035535713178189	-0.461412519813706	-0.02441491409207064	-0.7228920979214505	-0.24397272568940953	0.27071581216714713	-0.42065879990366817	0.030605902145897534
4C059E69BC	10	-0.38535767593951453	4.262499346575403	5.442798682382981	-2.8714943131426782	0.19169196307483105	-0.6830881548956969	-0.10511861195664629	0.01906853481173698	-0.9498690209405614	-1.027513934906093	-1.6587078687389454	-0.5955684695578416	1.2070012532015078	0.27953803217929973	0.3269329657447626	0.3857711364474533	-0.18463776530573672	0.03982664039352124	1.0885974683577242	-0.14411440653443952
4C059E69BC	11	-2.3581858026820526	-3.2798582237474743	2.5687054720113975	0.138186720724919	2.147631595420876	3.334153515421156	2.387786242966003	-2.9145481643007933	-1.9402340938416924	-0.9772029261652764	-1.6217904163903238	-1.7989162113946264	-0.5484300071593928	-0.862359371619629	0.4755302637878378	-0.3991370362659358	-1.1281817511195087	-0.021359677969811974	0.21369950253198944	0.5534214372174859
4C059E69BC	12	2.8598093901877903	-0.9494535841109549	1.2065066521355121	3.1720578737687983	-3.626664498441176	-1.516926403716	-0.773948314016744	0.33464895160078	0.4938132971890137	0.3016136477418241	1.6010144293518298	0.7849663725611968	-0.12178726797485592	0.41138213972055127	-0.8275263151444578	-0.5029745791661974	-0.25421953847927914	0.26959256511335306	0.0856404052150399	-0.21469667814612725
4C059E69BC	13	-3.501877687615108	-4.635975818333236	2.3655806901405034	-3.0485966865952268	-3.1640326513188164	-0.6269967593352286	-1.2951631747594181	1.451870158518286	-0.4258239157372725	0.19521934828109955	-0.4007751804180498	-1.0340491054152157	-0.22146414796391764	-1.027022894667457	-0.15758901456811802	1.6436753101942738	-0.1779954239513899	0.6219158218985508	0.7913272999781906	-0.395521045002329
4C059E69BC	14	-5.835512573725092	-2.7154564232411853	4.246768029778987	1.1827010842928818	-0.562845479093415	-0.73045166468986	-1.5118367373871404	0.16979524407954827	-1.0812718247127155	-0.018715723566597342	0.34275385432971983	-0.2305726802134327	-1.8299726094947495	0.020513214463939278	-0.26658379832287427	0.8883198738470076	0.1587713056736504	0.5104896982300071	-0.25101568144654074	-0.261721348628734
4C059E69BC	15	-1.1189649487535092	5.42641270951788	3.6172362525836155	-0.3947064740768891	-2.563852120208466	0.5140436876716157	0.07071152497946365	-0.3604296178857318	-1.648963061663665	-0.35331839154595834	0.24407361482016465	0.9027056386507439	-0.3292728820057569	-0.057869634506481304	-0.4846015136236099	-0.40962567874182076	0.18526374733101814	-0.12645469318264424	0.995628297546757	-0.3747433297789988
4C059E69BC	16	-5.370105151786985	-2.7705954197546663	3.9184048938420153	-0.824361630830138	-1.5934761480942896	-0.9653102885744405	-1.296797062336184	-0.06570333071408285	-0.05140895043000926	0.3858494178244276	-0.8594592199005026	-0.398543559431781	-0.8326025921768263	-0.19297505685609195	-0.23074367339238666	0.35512994664090225	-0.26204481394643087	0.6599774246176795	-0.06243715859409882	-0.04173658802375213
4C059E69BC	17	-0.20772207974757384	-6.358250721359628	2.991753506400001	-3.5286683818612925	-0.9402353668382908	-0.5181787097275405	0.13745482025969658	0.15863938394142352	-0.5642232802534441	0.0015471470803267717	-0.6391503982794068	0.06478296675125428	0.9507916922435271	0.22996252003540718	0.21382414717489961	0.7701178334480056	0.18051348362076491	0.24346728556586705	0.6549503207443674	-0.32898205854101326
4C059E69BC	18	-0.047708716520067806	-0.4050421917858881	1.7980335380339902	0.6122285792448263	-2.8173020602048418	0.9377336829207037	-0.9240978592306721	0.7828806252468716	-1.1498670744554365	-0.9324579579844399	0.8407385119668492	0.6930273302719758	0.01945225759043015	-0.2537571915727419	0.7933539077999141	0.650160523914931	0.39729414158092236	0.5065775164350266	0.07945029326329767	-0.3951973989228086
4C059E69BC	19	-4.2338397969664445	2.681190087897346	1.8730925049879261	-1.6550348916737487	-1.1971098789824381	-1.4883070323839869	-0.5366629115705077	0.597374601761949	-1.570583493799408	0.18124334843238876	-1.2620720413490094	0.9649869637349546	0.8246835662256693	1.2226975237756967	-1.4202560879427226	0.3914603653303449	0.14602454279986143	0.6788216498256079	0.8440477324647322	-0.8370016782328409
4C059E69BC	20	-0.06272477380431729	-2.0260817457466405	2.3779325494888495	2.3720354574799725	-0.005089575616484154	-1.0181700283625448	0.14209778848500498	0.9461767664672713	0.010227953251703337	0.893573712024146	-0.30944655354589135	0.4981905571519327	0.07214718305268167	-0.8546387720641455	0.04069187940211716	0.021205525043845347	0.22096485421994383	-0.3264637522261997	0.4930599266992548	0.12197004798598288
4C059E69BC	21	1.9441308033820648	-4.496694831468577	2.686315790572933	-0.26532137774017706	0.4391142986808312	-1.1789203230150571	1.0518689548418596	-1.192486391117729	1.148906439845692	0.46137942080224525	0.810551083388601	0.57667653762668	0.866218273885675	0.5763540551723523	-1.004039582985322	-0.8059536114246179	-0.037327870512679384	-0.11074929852815152	0.037586685784175344	-0.055308339679667196
4C059E69BC	22	3.5096124277265504	-1.7597497133937696	1.019692023731657	1.7134883038552555	2.9080482779339505	-1.2951014743327542	1.4082000572226914	-0.46956195541918433	1.3887990288156398	1.4834565157855975	-0.1726998084661081	0.13635008392450843	0.4716574260672033	-0.24821122966078235	-0.6170870186946624	-0.5610362350601515	-0.4079829667496597	-0.05854510578045313	-0.3553826739587169	0.0060940911551345955
4C059E69BC	23	0.653018930325667	4.451308632068926	1.3423309258901412	-1.6804657062436927	0.9571112094709022	0.03576653508600014	-0.1182929455414996	-0.6059680384919659	-0.7081933074864897	-0.7539420464807842	1.1692313059471235	0.7275935852391271	-0.0019474860635604052	0.7244467587832197	0.6019795053029062	0.29937275756951454	0.5849146690823026	-0.4360800158410141	0.7279831594212478	-0.3500307226419337
4C059E69BC	24	2.5208074090266614	-2.46731364823189	5.7779432306055005	0.27496505718450415	-1.3123052431440136	-0.7401370239925287	0.44950117146511026	-0.0596147025696645	0.33062862463048104	1.1016075237194654	-0.4075090526274058	0.1808972802436859	0.64261673641764	-0.5731574082164279	0.061702324329309555	0.9012015873603988	0.06329139112183735	0.7699907418691476	-0.189128111040878	-0.1387205901525852
4C059E69BC	25	4.166693068757214	-4.802275465890556	2.648826699355733	-0.9325359441516294	-0.3760283520580998	0.26986339192002884	0.28844787012157447	-0.5185250396795027	-0.5257993174002427	0.3240278549182134	-1.5060033220893292	-0.15270942627245532	0.7317863546232957	-0.19967408245907237	-0.4338955610480548	-0.5719864888901075	-0.2993956103090618	0.4161649763630495	-0.10820302917191249	0.24512838356873923
4C059E69BC	26	-1.7332128768392692	-0.5718110648873914	3.3819516011322923	2.8139412324421915	-0.7932934749846972	-0.2886247652504972	-0.4380515408458603	0.08054729423271922	-0.6624072743131184	0.6218935718394467	-0.33344032593903894	1.2684458468344975	-0.7247460270019559	-0.40841282399662404	-0.814593237848471	-0.5124260726117679	0.03844661015780981	0.23309945669474197	-0.3165678340933429	0.13026667151742233
4C059E69BC	27	-2.209180743197203	-2.698899890832443	1.9364376872435003	2.959268255347075	-0.32307392915227595	-1.2100720669615948	-0.689870746841228	0.14311030922288737	0.09572322001847722	0.7136131824572371	-0.7276781662676531	1.2946170432965936	-0.21861292483205116	-0.1675054558735738	-0.6376472216747588	-1.2213994312189138	-0.2439019893869585	-0.09664959707686527	0.16546649723635376	0.26322566519736457
4C059E69BC	28	1.308347595103195	-0.272358778837258	-0.08835158839082236	1.2914018175159523	-2.548743812325487	-1.2103742818873657	0.32533786292322553	0.46678806374719883	0.5587923452626486	1.0778213791262876	-0.47246196601620316	0.6186596624475502	0.7973496038914369	-0.4440266890051525	-0.2729639450087378	-0.30938467262848646	-0.24144221578556757	0.43211035929971	-0.2528761183216428	-0.009568479871493007
4C059E69BC	29	-4.204558392127572	3.658144365347621	0.6966343025063175	-0.5898704877931333	-2.2386570999336115	-0.2792219729424419	0.2644384069569998	0.09931262776916228	-2.0053933226150176	-1.0741452181610962	-0.8159673126292636	-1.117291503953835	0.6796288826103307	0.8219211407012139	-1.4716787293062312	1.1852974849790674	0.023644009726248028	0.1696656493426476	0.8586531527651804	-0.2817863983116431
4C059E69BC	30	4.443266073502423	1.8711983041213434	4.44740230898548	-0.5183815949080515	1.624632347744793	-0.710675144048655	-0.16317489693409648	-0.8204584184986565	0.6312767235532948	0.6858622517813868	-0.24379512667561987	-0.6748280400214064	-0.29305971872740955	-0.8490683473212393	0.2977472576045086	-0.6762762422174761	-0.2765569740939846	0.030095579810734074	0.5887145488625283	-0.10000293639045621
4C059E69BC	31	-3.6534148551698045	1.739147872898752	4.751561087538213	-1.7992199718795074	-0.5256758982165479	-1.6940743142952401	-2.692385356478896	0.9982040813777395	-1.8009204238896115	-0.7924285382097696	-0.6767028765815032	1.0733321300151317	-0.7794285391128213	1.201746565485216	-0.041463759913324516	0.1957256184466213	0.18884191631885794	0.661078463643449	-0.02087443038591097	-0.6234478672817807
4C059E69BC	32	-4.395212829041183	1.85302730705352	1.7117598277825394	0.077742892992676	-4.58233888527942	-1.0438004591827097	-1.7796537085608204	0.9946222361158057	-1.792930890311205	-0.6031787596031928	-0.7361280404832639	0.7696504768164623	0.38335673395543424	1.1274030065117522	-1.105125030129515	0.7217087527258345	0.19168716913451145	0.7734973985716957	0.7700305839055499	-0.7165978826497184
4C059E69BC	33	1.47125154683498	-1.2949130420139876	4.1324437601153	-0.12621242998555893	-1.3883228826568441	-0.03841253042343329	1.0672059571275074	-0.6920124391958495	-0.3435709186021936	-1.1597371330556536	0.2747245154038732	-0.2203377211887112	1.8635865780465473	0.3581120506998552	0.401228740497511	0.4482238102580113	0.4365853385016514	0.10100187665625548	-0.45876970583770493	0.22943373394940858
4C059E69BC	34	2.9312968903405	3.786391829021323	3.097897027030448	2.6203196701937355	-0.12601033143677043	-1.7009311679412535	-0.47503046008616145	1.1416495642983158	-0.18186957788987757	-0.2610571481306503	-0.49756146326512696	1.902866640136267	1.3857474774137408	0.28434382343266407	0.1508938504152395	-0.9315837702487749	0.33805765627139617	0.09209900194901288	0.9264617203519325	-0.43323312368996936
4C059E69BC	35	4.566048875007686	-4.17198211990592	1.8268163893177836	-3.3560223692673166	-0.16088270279065853	-0.4633097074372765	-0.1790203043138323	0.8251989927024432	-0.5099051583086447	0.6174316894627585	-1.053920983514617	1.1593683661668663	0.695343292145413	0.09232996255421355	-0.7587625845447841	-0.4275469311064214	-0.3872627959858719	0.5485226974813175	-0.4138181151637905	-0.3216150999240468
4C059E69BC	36	-0.7829410570538093	-0.0009012298705105559	4.602546237641355	0.4167680150752151	-3.7371521704249524	0.3295535621306298	-1.1032320905507955	1.491573476001836	-1.672774879442653	0.0468413677576327	0.04380849399600162	0.5014495967808603	0.18532671324857833	-0.7990465961267894	0.5452557927455706	1.8928500351894852	0.978786774278199	0.8172113960263554	0.7162439363319475	-0.6228039501775551
4C059E69BC	37	-2.698241654091928	-2.4043066881049024	4.027925662609124	0.21806157515549351	1.1462382242012197	0.33455284387277384	-0.12383014397380343	2.040740047995083	-1.9423807008939176	-0.5665298133225856	-0.4904122428830481	-0.08575562513075141	-0.17172088357475343	-1.6747066659036989	-0.6231350869698611	0.34550667015138437	-0.4793795171444366	0.1265730465232482	0.3900300213769423	-0.2511137902398892
4C059E69BC	38	-5.559747248095663	-2.987365569055498	2.3085705975091413	0.5181569997741615	-0.5858416320343487	-0.8193701479583888	-1.7865998442843551	0.16093821629855043	-1.169044409187212	-0.5554968110699685	-1.1819323359314762	-0.17764775529126808	-1.1382366371303014	0.2919541018938716	0.12188989013862095	-0.19831790511977462	-0.6536620729996401	0.24779468192399556	0.05409980160017547	0.1154667487766976
4C059E69BC	39	-0.967426464295444	-0.5458791659019046	1.4427382534466624	-2.017082036302744	-2.0337396546260003	0.9854306111161426	-0.20951612873179748	1.1337150605505393	-1.2659490128731723	0.032065048970597365	0.6763034227223857	1.3293152236628067	-0.12929084713838176	-0.774316490813689	0.2736143596913143	0.4819707172929516	0.3626376827668707	0.1386063371003312	0.5206540905886232	-0.5561544908843987
4C059E69BC	40	-1.4279392350372446	1.3959166354950487	0.3572520824028509	1.3361793615814417	-1.3497650900615525	-2.6268762339245777	-1.570607082955613	1.3519756331163677	0.7653021439054082	0.09245886220190136	0.6306498624746854	0.42382863674957605	0.41033578535354565	0.5894114204020191	-0.27132003663559434	0.39093255311279174	0.37838885947391243	0.2722192903425269	-0.4515672087273561	-0.0006704213053381203
4C059E69BC	41	1.7516580776231394	-1.2044498311350185	0.6646324830476964	0.9013504377403496	-1.1514233653490038	-2.7762164311629514	-1.1244334850861275	2.1517386757065786	0.8971469660200841	0.48030727198643297	-0.3506136519095283	0.6609775796633137	0.8052298110308804	-0.07403921395207647	-0.054993539307184314	0.4223895844365776	0.5131467677996866	-0.04726787865016724	0.34430166219812897	-0.07744435748392631
4C059E69BC	42	-2.6934489248320275	-0.47843022969506743	-0.5909013938107328	-0.7977713208393222	-1.9337467066298792	-1.0268606871800054	-0.8459985896048767	0.9099340967580289	-0.7204809420810432	-0.7867217830019799	0.5554893898660057	-0.7494353509457952	-0.5751584692268743	0.6003324199266515	-0.7911632453130872	0.5224477655465919	-0.2487127738503745	0.10376918724662354	-0.22610911460681926	-0.0636186122395439
4C059E69BC	43	0.7037889745755366	0.3812050664567902	2.359854084784316	0.11855278869798447	0.6772385058734116	-1.2496380960703641	-0.3568274898413275	0.5714580981414734	0.6820058171400443	0.0024473088073297955	0.07294749370681142	-0.503030850316911	0.1410987243040225	-0.4043698255029611	0.3386143889099804	0.010133005530990419	0.14268426674633328	-0.2288903315075428	-0.19424644197910546	0.2374653637261841
4C059E69BC	44	-0.7004998483753666	-4.810737610715879	3.0781830934371355	0.9420397634772772	0.8937866615716672	-1.138748922312467	-1.0339406171028056	1.0820706272930813	-0.7800751073760925	-0.8757998981849513	-0.972936042522223	-0.4791823428708213	0.755022494237128	-0.4057302928062718	0.5301425805779187	-0.08156047178555834	-0.05545916750692048	0.29189443785506364	0.3604579180726102	-0.044207623945494046
4C059E69BC	45	2.555687629326068	-2.17705641944541	2.555126764872436	2.9297729714819827	0.21205210204501057	-2.9487143615860036	-0.7898336308225797	1.5428037145079898	-0.3585939103579254	0.46845124635971636	0.3620168415703747	1.296302158462403	-0.1614640378936478	0.25367799048135353	-1.528232654286307	-0.23567473251161183	0.4513874194904097	0.03261547206124171	0.3438842038037624	-0.25756164311505314
4C059E69BC	46	-1.2519027467239154	1.8322543967333371	2.997437222874818	-2.562072981773502	0.3200732509616522	0.9826990884179798	1.0549447518714654	0.240632546925184	-1.675252004300415	-0.49297201971760907	0.14157997368888597	1.0310998077411426	-0.008375432105310637	-0.6960828335134401	-0.8675267705886229	-0.7012830559826196	-0.2685380465835394	-0.38088905225548664	0.20728534899355644	-0.12624970108676115
4C059E69BC	47	4.169008663426036	-1.7164292070403273	1.3637181020939793	0.04888697321034208	0.8218868868723348	-1.3256372949959472	-0.4529497430668652	0.3358797628158996	-1.195366007788078	0.09255965699022162	-0.6719872375218171	0.009392950215053375	0.03292300336484291	0.7046446859376232	-1.0871439989285259	0.3586178035068882	0.19438978627001613	0.021293301121218855	0.23576850303530072	-0.041035821662919414
4C059E69BC	48	-5.458791255658104	-0.9494185759782315	0.47531008585533674	0.06985024760102654	-2.5693927039035422	-1.1631927704195038	-1.7395977886916132	1.3754088214326785	-1.2547060393948866	0.4528521571528541	-0.09629096035608786	1.238831867087761	-1.4464754514414082	0.15806873248198272	-0.6301757462655226	-0.23512441579269847	-0.24138427526145922	0.04379790305213427	0.1760035263112396	-0.16262280590788114
4C059E69BC	49	1.2158370953470077	1.6185277000540421	3.4081444595900434	0.2991297003535127	0.1816748908686634	-1.3420499265116321	-0.23118906040452636	0.13890702812762967	0.6993005714122265	-0.21068469158094083	-0.7062209524024486	-0.4125995382697347	0.21672615038778179	-0.310546323817416	-0.7865515542102921	-0.9952526109982004	-0.3833870010631266	0.09288340425703034	-0.6253709471998743	0.4376769695037166
4C059E69BC	50	-1.3761306568476264	-2.9038045745069314	0.0285705814339281	0.5619747406791209	-1.7556994964571295	-0.7323738834944651	-0.47723272530911665	1.236734618583828	-0.2588631095490368	0.05838656048066304	0.4833537267252711	-0.006083928174346553	-0.41106468616979797	-0.4033828064966052	-0.2538468850903195	0.24189486264938279	-0.5607147505805294	-0.12353151201603274	0.016770869026968782	0.04673713267599
4C059E69BC	51	1.2192945680743486	-1.6738865064599575	-2.3330776756919187	-3.05752061065448	2.549693519805672	-0.49332505501705715	-0.22779313389544065	2.168525108094798	-0.9195114498563979	-0.1794042371613609	0.9939406018753391	1.2515782245737306	0.20383185141264096	0.07571702332869634	-0.10370001945128582	0.719438019846537	-0.22503382551033657	-0.5937035274650524	-0.01434809789395608	-0.556737294714098
4C059E69BC	52	1.810793970611043	4.66642108129863	0.1326234214370665	3.0357406281205943	-1.072657187666497	-0.7224623494145854	-0.8460916006571413	-0.03786162934622794	0.35689714145539453	-0.614250647450785	-0.514792753331312	1.792493240985424	1.0488724809299974	0.6665042438269886	0.34938912581159	-0.7773546908940313	0.07246951471180973	0.16588237261926886	0.06420304770287721	-0.05425769673700165
4C059E69BC	53	-1.8555335596405498	3.2482144395241694	4.148005401531257	-0.415661547043074	0.22965826832630754	-0.12549638646915273	-0.5553030952511318	-0.7289308235290832	-1.538363223959689	-0.42802043669545875	-0.4887530928883398	1.182857886429078	0.2141001973776611	1.2289259081067208	0.37892651154769563	0.47615424571243137	0.9606592565619152	0.21952127889512618	0.9744041109722996	-0.48475598837324574
4C059E69BC	54	1.16791750601964	-4.265788789165693	1.9571110326486079	2.3655277210639145	2.233460022923591	-2.1966313284921393	-0.1455479259592689	1.5118835969149949	-0.9621238954162448	0.3052165504878912	1.4049768018343283	0.9219534472465032	-0.1815971601587094	0.22226490975586088	-1.7118903150990947	0.8269075276745274	-0.30578089056079283	0.12437260956387441	0.42752935329629516	-0.8364855189083733
4C059E69BC	55	3.975757168079474	2.052187443353319	1.8850309525006204	-0.3801326875458191	-0.5983218836713462	0.4311618031160327	-0.7856331340343399	0.43971293889430996	-0.06400881299250161	-1.6248253973521403	1.6032636676315537	0.16336897785618731	0.4159579346806339	-0.4624090492379729	0.4400006651213024	-0.7090255018359871	-0.25659786919780037	-0.07650028576780676	-0.40601860203213924	-0.17706432284679385
4C059E69BC	56	-2.6107014256081746	4.8068142960970555	-2.0714816593704493	-0.24231309925398214	-2.19921189090671	-0.9464389534996345	-0.9590425139553762	1.1000717878321602	-0.9295195594936243	-0.5794442886394437	0.3445507498909687	0.2343649814862907	-0.32934831344049087	0.1959617629629875	-1.684846098556723	0.022971634471937646	-0.2085634354011099	0.20323351339551032	-0.3195014561919063	-0.1115171733681879
4C059E69BC	57	-2.974800922580305	-0.6119749462542746	-0.6712684781695486	1.929628781705885	0.8495341661774667	0.7622242777700974	2.070997930556759	-0.6288891466538971	-0.4583100521777834	1.347633023562295	0.11780068033600866	0.1405936062092028	-0.7309866142388266	-1.1510764654710037	-1.0257613815111535	0.04709662117168492	-0.18718422527444223	-0.3195168053494475	0.3106587957175382	0.1520951334531806
4C059E69BC	58	6.505237338453638	-2.3393636548428876	0.9423957140340236	0.7747744438831692	0.023422069289210867	0.16359554930491438	-0.04385657360987416	-0.032786859961206005	-1.4354364852170716	-0.2294609087049404	0.1568266842614089	1.377981257312456	0.8520856351294199	1.1339224288691092	-0.2551361861233561	0.6174161536084116	0.7810180124993564	0.2798531775743387	-0.10461652714777081	-0.3738600731643653
4C059E69BC	59	2.397211137733683	4.122175871395438	-0.5178038387428472	-1.2571009384240366	-1.4668893339963418	0.22549136279189153	0.5512330046461802	1.946167348715509	-0.651035635000444	-0.571990675779585	-0.5631233856031469	-1.1166033014991097	0.8664898550809248	-1.9078456851189394	-0.8055799419722378	0.9341399830508211	-0.3134901535094372	-0.22963077140238375	0.12842866718100687	0.24348056733182988
4C059E69BC	60	-3.65984833177543	-0.25608597108427456	-1.3631886068029757	5.484143498751672	-0.17819020215539183	-1.2739267726374246	-1.1366450960479906	0.43056264527793076	0.8676226203862956	-1.1423025454178737	2.117987836175855	-0.5489179374802635	1.3518701141790466	-0.2609494307490863	-0.6514931421232975	-0.7177212066062878	0.14069067872565166	0.0714536553133771	1.2133663777849133	-0.41259629452770374
4C059E69BC	61	5.951894240980037	-3.1813721980933454	1.8054004108750192	-1.754454150263113	-0.724784591218814	-0.23183357393738024	-0.5291711695335533	-0.7563335868978704	-0.9667085234313402	0.3366593211337052	-0.5232871113845069	0.7147438211069836	-0.1482110704830006	1.2250032501763677	-1.0268350955586287	0.15079115984006722	0.38413327415942855	0.6651078715300687	-0.8716836935846555	-0.00403351519850359
4C059E69BC	62	-0.5169148259121434	3.3761446101003583	3.6122368489906114	-1.8221333796784958	1.6046114492767174	-0.9971998355977734	-0.5031592130457216	0.5671318118205946	-0.7484875278841341	0.29058542445941504	-0.8470335634791458	0.3430634970781785	-0.2888472454474531	-0.18570899465348845	-0.0686697288089606	0.06819399383312011	-0.15218121552618347	-0.03935991883461276	0.4321352389849462	-0.16039566776283243
4C059E69BC	63	0.28970998130990333	0.8411213483419043	2.392276783371634	-2.248668401802922	-1.310716519221316	-2.1023577259159447	-1.2220496740779883	2.500099002881555	-0.2734954897705184	0.9402807287077939	-1.4822996847711476	-0.22121112159088874	1.4056671827025902	-0.7262726685287433	-0.10721905739970428	1.7300325622114006	0.04955130594632773	0.8839393007879652	1.170198792087211	-0.8064672766386987
4C059E69BC	64	1.5611590133834832	1.3822091427468597	0.0950941666056686	1.616657598551809	0.4225185799144455	-1.0709353018104197	0.13472290532704712	-0.7108593322887984	1.0338839121535766	-0.4276206864720644	1.2583596183960015	-0.9275066864494104	0.16499835580429337	0.36880427435781016	-0.08021358873357531	-0.185409644169345	0.43107415621772627	-0.291995018142998	-0.24188338992853353	0.23718158288558344
4C059E69BC	65	3.8493105031584904	2.8111725679219757	0.7672703875655416	0.20971064117040505	1.5757766270998133	-1.799035663305582	-0.259787872226406	0.20756332038497405	0.6220134631199481	1.4250376982492907	-0.8111879748263339	0.825073068009095	-0.007753714978623066	0.16185202707304214	-0.08713966652055394	-0.212923199056649	-0.10975965912327301	-0.0881766799111714	0.6252658462842771	-0.3085416045990921
4C059E69BC	66	3.6972933171503315	3.1127120263078614	1.6278093734774075	3.3645467776339633	-0.5925729242181923	-0.8700917624285518	0.20686334994391764	-0.25166852585002886	0.6973821827519262	1.2501410901901868	0.30891578478533244	-0.7751522364171315	-0.10882622803742234	-0.8447235879379207	-0.8196390336697208	1.1293583366978948	-0.37233420452124766	0.31869721296331854	0.7616631908468374	-0.2423190839875189
4C059E69BC	67	0.07223521862082061	-1.2141388606864214	-1.9872835388018728	-0.9826164363007006	-0.38901598307155894	-0.8750231601646279	-0.07146010923078272	0.5420202876292137	0.8698625335052266	-0.5049414638183516	1.1411676187170823	-0.651094655038575	0.49943638328375783	0.6283778488326597	0.43484165810307385	0.8947986824732593	-0.33248185478086545	-0.1182383168904193	0.031099180437822227	-0.24319536824534316
4C059E69BC	68	-0.8846896405726432	4.97820576599451	0.7463352196989377	1.5721517620098577	0.43411863535787987	2.229951491139192	1.9499016640298859	-2.3341617898892935	-1.2378316682988602	0.24006465413306777	-1.494024090083263	0.09789659085884672	-0.5697408496850045	-0.6412497819739968	0.2991640290212265	0.3810471468024751	-0.14114105875498173	0.3174255563370887	0.5826229934641081	0.02458500490393556
4C059E69BC	69	4.908688244101155	-3.2906179607345005	0.5596486004488128	-0.2987269813725977	2.8837077374027125	-0.18766696961226703	1.5404775732395262	0.24238760371527945	-1.0314027209730274	-0.04489086675544507	-0.9709089831505172	0.6024078893949145	1.754572216298392	0.49565589457440495	0.17197060024340782	-0.11006870149426015	0.2565133272391591	-0.2664621305471717	0.5122812630676297	-0.35540715378056076
4C059E69BC	70	4.923440770186849	-2.3003947659981274	1.3903158683689611	-1.252177428380877	2.416361146702183	-0.3073191137798412	-1.367333933219891	0.4647109598010495	-1.5294127932993686	0.35391587595645624	-1.7350114140512911	0.6616406129451207	-0.5082231600442562	0.1229231079647164	-0.24389387416739527	-0.36145646652310204	0.15078591913699735	0.5227408383993402	-0.4890491289165855	-0.10571917457187174
4C059E69BC	71	6.176663580457509	-3.7415692041871433	-2.526066655316357	-0.2637156062715338	-0.6234481308855919	-0.5470278248742675	-2.4408204194746066	1.1300777636145263	-1.1303722535715512	-0.21475493678989843	-0.6163177097146805	1.438964632675754	-0.06164544712005335	1.2173485018525732	-0.3594635689909298	-1.4433534576870608	0.3797405625080692	0.8128355581688711	-0.5425932416195085	-0.4218298112541201
4C059E69BC	72	5.821382041508949	-2.746534423558557	0.4030636804804886	0.5991393825782385	2.733992335000714	-0.07596486798305069	-1.6822606508743672	0.8787295116006177	-0.5124201497466001	0.594659453693456	-1.255363794742136	-0.3645864084119381	-0.5984922812204658	-0.9578568865902355	1.314370079051712	-0.2511324525587725	0.37800779172145194	0.16353176433730732	-0.11179793770579671	-0.06445513620833543
4C059E69BC	73	0.34100302216213985	4.087507196883006	1.4739451310789342	-2.189127836012643	-1.5640000994656624	-0.6959935019242929	-0.8644895925802576	-0.9390560202629352	1.23216340231297	-0.3887231552907944	0.12240670667679676	0.02065921054054698	0.5094942037455148	0.8074391228567421	1.201002510075937	-0.10503269566872717	0.2566169759567145	0.14902098077800852	0.21930011346985445	-0.15908628153202953
4C059E69BC	74	-1.411374383571244	-0.29210534503505026	0.4206075280722523	2.023226034004038	-1.6943152138994364	-1.4021322598177344	0.6469929971267963	0.574113938437435	0.0816004332519209	-0.03678983674253922	-0.4235582339135019	0.0828390480883936	1.1498373764129681	0.12939436221972045	-0.6421715079490662	-0.5101591800165984	-0.33674418848579823	-0.21818150682656756	0.0420967789121125	0.33133140624067936
4C059E69BC	75	6.58605658597382	0.8855687139737046	2.011219975201228	0.8411028757474011	1.1130911282201943	-1.144705977109198	-2.816993248487817	-1.2901372118960701	0.4071548290751106	1.056131005030643	-0.17317747952867013	-1.1219725943004164	-1.3922437154843408	0.2592612318990426	1.386310755057358	0.6425809946979218	0.5377518046030587	0.8816752583300025	1.2542663568273564	-0.5698715378905628
4C059E69BC	76	6.703697108770934	1.118072261479171	-0.6604897976937216	2.8523112852977075	2.11984237293159	0.24937375986916077	-0.058263892793545935	0.326604620232569	0.2561379936562562	0.8366211950266977	-0.09930777878389396	-0.21433574858519044	0.06456908984729284	-1.598726810348463	-0.16636772353090823	0.43376297928976226	-0.600374792355516	-0.12560832823821833	0.06807558760612231	-0.29514019079066633
4C059E69BC	77	0.29366091788850435	-1.557380474291644	1.5108743198100882	-0.7872361090606343	-1.0918034756046673	-0.920157142967061	-0.16542760630798448	1.0888375585853325	0.483598821805312	0.5179864560789083	-0.1401393249721271	-0.6794571079545033	0.197232232965483	-0.8390061320371807	-0.47421730728660183	0.4636486708334945	-0.23282219413103822	0.1602079668445635	-0.0840164841915918	0.12335378948591336
4C059E69BC	78	-5.567287630630519	2.254702501160463	-3.0504163241277817	-0.09733180761138804	-2.173444182536233	-1.35176908862723	-0.7901435191368638	0.25163450254051867	1.2823548342328155	0.3450676474084273	0.12639700038539725	0.15527640369858808	0.009225596728743596	0.0958860634197265	-0.14476532963511435	-1.1375034386857763	-0.2655185027132092	0.35791518603489103	-0.468891316749529	0.17320035616223395
4C059E69BC	79	5.76046736413487	3.681948140908038	0.7776001707977074	2.626362106982393	-0.8087927003592412	0.08075689933237395	0.20756978980652185	0.4141051944101939	-0.8791882969130325	-1.0218588467232943	0.8116433876169625	0.648693698770499	0.5797318896301711	-0.3998073332737242	-1.3156531162169083	-0.11144490814544658	-0.3196017724926741	-0.2792886202447702	-0.320790474433414	-0.016630358774344156
4C059E69BC	80	1.0696856076368797	-1.601103770350981	1.8393800730420964	-0.5330409246315444	-1.5545513635628545	2.5410365951035017	2.8424948252553204	-1.9473678456697563	0.2543338754788631	-0.21892423464088773	1.1049617387876314	-0.5311606479478002	1.1013233284491868	-0.8623471066985431	0.8839568643995284	0.9152761065686107	0.3172758365917978	0.03606906892213524	-0.4347408752703519	0.2110753837269823
4C059E69BC	81	-1.415629914750061	4.202931878747179	-2.2407467398412466	-0.008027050316735895	-0.6995441261861366	-1.3100837023612302	-1.0787312002872707	1.7593672741447435	-0.40306966735405725	-0.31520085752508487	0.3338859265723161	0.989221137473498	0.13820271118230923	-0.5247012722540418	-1.2542390825944816	-1.306521871268473	-0.5442043094043705	-0.1218122991084234	0.3913142267687295	-0.27451476290562793
4C059E69BC	82	4.777714790327197	-3.3222441852536977	2.365444211242461	-1.9895623416653958	-2.2365446604346957	0.4392947941897374	-1.0844443772550623	-0.7454726728229524	-1.1308627018170054	0.5426035823588149	-0.7756335045923654	0.8647470436706381	-0.027697457007317156	0.908813639138927	0.28983726985324676	0.9317910894972895	0.9862273877782293	0.9432835382572622	-0.25120533654950883	-0.17841573671804367
4C059E69BC	83	0.945834994687202	-1.6534802506273887	6.519893700251401	-0.6547658160501602	0.23179239493637738	2.096340184265137	0.696963877235822	-2.9203144971387083	-0.4610395388383428	-0.9188148840958343	0.40923613556635086	-1.6391585572338592	-0.467374237962602	-0.7941628602341346	0.6818942173720748	0.04543931899246881	-0.408109004548318	0.42035785558365313	-0.6155619331832956	0.30696460432174755
4C059E69BC	84	-0.7380009684247617	2.170965873099377	0.3091262887034347	-0.6215964562873442	-0.15923449850485127	-1.481597369328914	-0.10070683301640493	0.7558938837358404	1.2990733146584108	0.8508652720942746	0.16774773554735656	0.6599206729322908	-0.23374150254911183	-0.741463220754035	-1.0526170186914507	-1.707857123363659	-0.360902801986952	-0.21132575343867877	-0.6721342269995088	0.3080160716360809
4C059E69BC	85	5.1874174979208	1.8109441802397481	2.5523732448179137	-1.4481307067015958	1.4627284041795008	-0.6558978559592221	-0.2900495301392336	-0.5759697660409806	0.9187312251301125	1.236846524864102	0.2898354388492076	-1.076450320439731	-0.8119749478197633	-0.8594237113873078	-0.07237626025137889	0.6053857051691057	-0.14263908804754455	-0.02449385133770199	0.03852363144339144	-0.08310773713642972
4C059E69BC	86	-3.154327110173289	3.551378747178241	-4.396363250788235	-0.883342407701841	-1.8839359858799263	0.0879268120435297	0.04306698558328215	0.7944028615789627	-1.2498844175881527	-0.6340879725982129	-0.8285970535968606	0.24843766995892302	0.9679472905141395	0.22058091373567024	-0.5923156108619425	1.0162069357117636	0.23971532532085216	0.37873993778032067	0.43488264470077276	-0.2746525929973749
4C059E69BC	87	0.44769010417075217	-4.06347373636326	2.9071400057549317	-2.2664484013772235	2.3566301476347995	-2.678410746461801	-0.5405268429081591	2.517531103386755	0.5155479279518782	-0.07912787681003786	-0.010979813567226882	-0.5648043669638785	0.32726567476003154	-0.9631267275139379	-1.6268238668525408	-0.6631883144598524	-1.6598981315460677	0.17841931162472613	-0.2933838653909344	-0.3470250757803135
4C059E69BC	88	3.117698114162151	-1.3127952960893974	0.3544576198811378	3.266293039458917	0.8817664129428167	3.2755624339683385	2.052399878271016	-3.569330700165505	-0.4580125899947771	-0.9297987761218034	1.2301988331992977	-1.7447101067743027	-0.19134004027416293	-0.37161292320016415	0.41971407624747226	0.23200401335208012	-0.5012877403125799	0.01704797681416914	-0.3963303617379399	0.2574324474241547
4C059E69BC	89	-1.451938771514731	2.1656166240254113	1.521100933462303	-1.2985807468423918	-0.18792413742252734	-1.856885710133068	0.4749837862003137	-0.5218404426443257	1.1376772029997677	-0.9262752722003571	2.3017639679780455	-0.21241827131759727	1.0606130770029978	1.3697655313635693	-1.4376887762718633	-0.08450164837365656	0.3761955894793949	-0.32940804748314867	-0.48249267884019353	-0.06550228447125184
4C059E69BC	90	5.2329673602426166	-2.0705227958121095	1.201319609818021	0.26814929820004885	0.8606235746418847	0.09402854697993401	-1.7069700458113228	0.7900037070060257	-1.8706809903259232	-0.7629494145641085	0.12540221733186907	1.208866218366916	-0.16550201616603386	0.2600047019868761	-0.304238954507313	-0.20606469004402958	0.535568245879422	0.6258464958118994	-1.1085850136974909	-0.24395654492826813
4C059E69BC	91	3.82637709386132	-2.8553744823180796	-0.41050847189380657	0.28627425572154586	2.2915401869491205	-1.5220994344915626	-1.9686822495876708	1.9357846475787106	-0.3774427948506518	-0.21317663320856206	-0.47517043445211915	-0.14032858400499215	-0.6828658910174426	0.024478397915785877	0.6763709073809734	-0.37612032256150674	-0.1547948791020055	0.03972524715690917	-0.19700281725848434	-0.21454562239187558
4C059E69BC	92	5.978820937352987	-3.2182474500057334	-0.48329116398435157	0.34202973536190306	1.0542735400526695	0.18623828004588727	-0.7168030578014442	0.12106945564068283	-2.4083815984570376	0.1058608584894214	-1.5002929868768131	1.0285417128657919	-0.3806856488070558	0.9572314008359442	-1.3060242694532045	-0.5679010712353288	0.1355726829534596	0.41386965724387204	-0.8104094689224777	0.09449744098786583
4C059E69BC	93	-5.282132240666668	-0.7956722614779924	-3.1685786928365447	-2.5271808009470274	0.5164732471697349	-1.0919373251958548	-0.5732015592029089	-0.15987685824108766	1.2229110807909715	0.6433422694194169	0.6459725297241813	-0.1917656749673995	0.4258102363146854	-0.058519887938555115	2.0811331633452204	-0.1961008110799801	0.6075599106098515	0.513699188449259	0.5491057672668251	-0.6427769940501409
4C059E69BC	94	3.652825763547336	-2.1298232300129167	-0.06195053321488042	0.5528446714282733	-3.4271441645675047	-0.17606501666392393	-0.05505030334745875	-0.35052422409141926	-1.0758928786608277	0.9515829531724689	-0.6145304661935943	0.5971186096538297	-0.04006813183510258	0.8082526721501111	-0.93247265987661	0.8034865338905698	0.17908712337640575	0.5495593652454469	0.30958509856140815	-0.12374439226684819
4C059E69BC	95	4.932584288760191	-2.461009029677633	1.3350016682832468	-1.462066624185832	3.061913306897768	-0.20107681088782403	0.1700987887469072	0.24586751849469834	-1.7902597718028415	0.4377060682192455	0.397706136900572	0.9450235729834038	-0.33665064609936124	0.43780400630128113	-0.8052035261940604	0.6096827650308473	0.5535435056397524	-0.13299819262808277	0.08238630693412752	-0.5934359048131621
4C059E69BC	96	6.596428029588006	4.030432620933201	1.177563393349572	0.6895767106842161	-0.8492080836896037	0.21581704638699772	-0.8069665066441427	-1.5146151161776906	0.5853751453647287	0.9589162596245762	-1.2057592399276356	-0.8987458048953663	-0.5819234275470109	-0.40245121847851806	0.9879299881742112	0.5968321602596277	0.0613244360978491	0.15082691986877017	1.0695373457509962	0.05595482750467662
4C059E69BC	97	-1.9068620517983539	6.697271606034619	-0.5581213632147921	-1.1525559965656047	-1.1294615612109524	0.4940426192356808	1.5140398737062366	-0.06911241295018655	-2.2323395645809936	-0.3585657921300085	0.4114646248280972	0.9294650579963886	0.7650536673086172	0.13106815611672573	-1.9502018387639461	0.9142263340414089	0.7249137414641076	0.13432992033778413	0.7486472809431017	-0.7120602811962331
4C059E69BC	98	-5.252591676792017	0.2289526984722844	0.006905758774400583	1.3021699032445877	0.6345850336714065	-1.297216134107324	-0.08073139590383427	-2.0518365754539474	1.0352336979084629	-1.0105304671114406	0.05476000651564472	-1.5625685344531384	1.2051388649023913	1.821965359798913	-0.3243280114175642	0.127421980456821	-0.22821385720426268	0.2646247366920138	0.6684681404468602	0.006241464097192395
4C059E69BC	99	-2.0494686807573763	3.955075341290517	-2.195161720562962	-0.8813258793373411	-2.6168990496611855	-0.5992969697886581	0.35027580893992827	0.9554585129858602	0.35338311563300406	-0.8724067655611771	0.803662019441214	-0.7947762667407225	0.8935863171736429	-0.7558154529190162	-0.44984009743030473	-0.5657545383099675	-0.16286230943483493	-0.07063976683626527	-0.2258920731573948	0.12947929573446126
4C059E69BC	100	2.9233123178693554	5.05499099067708	2.455427874535782	-1.8525706942630702	1.2617203419915874	-1.4862587930072708	-1.0632257249266086	0.4249581713244659	-0.15709473650946082	-0.031132455109990298	-0.47399692570114926	-0.8926389854553509	-0.021209565562404692	-0.41928877888544847	0.21985150501641382	0.22950920657339716	-0.3564306164593056	-0.21942766708031392	1.5232009378277684	-0.31235132467911475
4C059E69BC	101	0.6771346228956525	-2.906724912618763	-1.3069469391835546	-0.773300470805788	-0.40665735180405704	1.043786325822384	1.0100072710468968	-1.1545176042867027	-0.886106119035468	-0.7856973879046942	-0.01149621358252706	1.4185705140936147	0.7503535454688581	1.274905227007121	0.789585645974948	-1.164488197100364	0.2692731629360956	-0.19636012558660076	-0.4513551946504979	0.10539343745328944
4C059E69BC	102	2.45060216438141	-6.519052332270281	-0.7609660069191022	-2.3211224443101184	0.5449306766546798	-0.8834615795149832	-0.4903461104626654	1.1549950120209758	-0.16250181237665062	0.09495604834085447	-1.0680882631071906	-0.36518305875263657	0.7665600769606051	0.18928481887909143	0.07984276234252885	-0.486762905493194	-0.6635485260154035	-0.015075565273718672	0.9113891764030928	-0.33569841027903413
4C059E69BC	103	1.5095423428323493	-2.4230164945967867	-1.444833756207484	-1.3664305991062893	1.4729527016382242	-0.28193137685549363	-0.07989634134259838	2.01817852129723	-0.5462430748224993	0.12804418603593581	-1.7601699777515538	-0.18477919210092963	0.13189437273274865	-1.129703057209717	0.38202007146798334	-0.8780869513147157	-0.7835716687064285	-0.6304568342453185	0.1573197634536978	0.2777039327637518
4C059E69BC	104	2.091828107844995	4.765112552353131	-1.147537610079312	1.0640470425396185	-1.9637739823551215	-0.20122861758044142	-0.9805732709449533	0.3201104869101812	0.4994380755161063	-0.3127529203533579	-0.5401872833174953	-0.08358127044403929	0.4331616768985569	-0.30966446467541786	1.4423547477724545	0.48692355100775575	0.05807170432622111	0.06031445640312705	0.683743405683904	-0.07985894380841918
4C059E69BC	105	5.837035120941648	-4.437837954851162	-1.266665029120422	1.54348489068604	1.7017128631722258	0.22736893348368792	-2.6385909793664997	0.6990489537756233	-1.9439876267668237	-0.8676328468611525	-0.159192898168664	-0.27470822621573987	-0.7539545513988699	0.6003745406227523	0.1730838016228331	-0.26588829548325965	0.3623655397174559	0.7178119052922443	-0.7163328953961265	-0.24219849245310376
4C059E69BC	106	-1.2992012896515326	0.3890233291396473	-2.2749822902212005	-1.471939356040318	0.6653471582302473	-1.2206363906554687	-0.39623189766412814	0.48664136017892545	0.8198915009065533	0.3461956515292355	0.0006815763392128416	0.18162672723245166	-0.1480235325854515	0.316677790334019	0.3856857496568358	-0.3216228351551852	-0.21596180216121685	-0.2933552234967107	-0.26200043324004163	0.11070525621291027
4C059E69BC	107	-4.597873299722396	1.2102755735693091	-1.896887356176159	-1.6402034969670947	-0.5766298417520552	-2.3177850277567495	-0.626616714514336	1.1792547034317593	0.32433921919303144	-0.422946931865422	0.10230758470286883	-1.4522316784491434	0.9031617634932978	0.5167549904994502	-1.0712951505132944	0.047763901814297155	-0.5298141976742017	-0.19608778534955795	1.0525668681654015	-0.20475843168539987
4C059E69BC	108	5.153522021191458	-4.168711129071891	-0.011444934788219951	1.8387581298912377	-0.3101677701297376	-0.5192773337912628	-1.2576432263795052	1.2742216263104176	-1.488051423703507	-0.021056305159415922	-0.8853062105189854	-0.36431574199543704	-0.09366269358494603	0.05379580846215859	-0.32242014585987366	-0.05381922551623583	-0.47186541243000524	0.32456737198410957	0.5148091963763175	-0.18406728009646178
4C059E69BC	109	-2.003548148003245	-0.7785451959565673	-2.851228699138475	2.5170874899906313	0.7089979703749698	-1.3865584365371406	0.1991608968366041	0.20925685412897366	0.323691442254638	-0.12003001041007288	0.4821977728154624	-0.5196935194445285	0.7555994087892692	0.4662737412466136	-0.6494008324850684	0.2495460403139246	-0.2615740094386958	-0.3673877737135631	0.6731707442305765	0.0031243316629550044
4C059E69BC	110	-0.38304080645948124	4.05467204891643	-2.7615075622986547	1.0048513371269134	-0.7849554881930096	-2.1359950391654765	-1.7636045390637296	1.0944084375144776	1.0559444834933873	0.5780281122171578	0.4960340127956452	0.019127689658864355	-0.13121538400326924	0.18961530264162363	0.10806059704656956	0.3900602890922954	0.44045127605606704	0.21503908402453598	0.18040170236636222	-0.15273039336758343
4C059E69BC	111	6.471448851749555	2.6799402133305077	-0.8932131563674985	0.8523574600696993	-1.5626513993323137	-0.3399845643050847	-1.13754506659504	-0.0783722463608747	-0.2718717928574752	0.7895333246041039	1.1752167310612496	-0.5622169697557897	-0.9259229650416749	0.050905145894642345	-1.646071394906376	2.0402786830297424	0.08154499896216971	0.33564865807318633	0.4372769267276464	-0.48899022068919207
4C059E69BC	112	6.198644390461917	1.0954155929460048	-0.3391055989876868	-0.13297352442571686	-0.8979401674088834	0.30494160216306465	-0.838554373726387	-0.882056463168972	-0.9872917325904749	0.24274921801075755	0.4708637879194145	-0.12383002424961198	-0.9810466044779069	0.8479576986510757	-1.2255193199717853	1.0628175430587987	0.4055456679455254	0.2109727043796783	-0.16973086194606957	-0.12452814332423001
4C059E69BC	113	-0.15816942290624558	3.487074605577828	-4.792410744968504	-2.1389007221296605	-3.2696934424957895	-0.12408038939349542	-0.2884516505211234	1.5063443717530305	-0.7437864175543933	-1.5038528524456505	1.0486784237226647	-0.06130844248029632	0.5319889732437986	-0.09082482431484706	-1.7593542581420758	0.16672081538498143	0.1190175541868832	0.047109866133727474	-0.5761823454590829	-0.08106601409330905
4C059E69BC	114	5.614569358795203	-0.7111067221132213	0.8818584654043129	0.7723619876064998	0.9423591791377603	-0.49291816073813255	-1.583067886070614	0.06951506456422862	-0.1428467493827701	-0.38398363311917216	1.2398286342741915	-0.20821845370151237	-0.7806355259229285	0.13921995270267828	0.004681670541887506	-0.032376629010739316	0.24426904755617396	-0.04479056496889178	-0.14980626166500421	-0.20991935961913333
4C059E69BC	115	-1.5413240389745027	-2.189401122033391	1.1843215835208973	-0.4643553684113453	-1.4126271976503695	0.47416326849899004	1.7151523527517636	0.3964206730670341	-1.0781057910028449	0.7837528358060195	-1.5000709917495225	0.31073643961705066	0.6989435000399098	-0.7647281589053989	-0.17388276400394975	0.34970674769221943	-0.5406614428798762	-0.320648095056139	0.697079755556695	0.2721353876361019
4C059E69BC	116	6.280972796607854	-1.8380358358923803	-1.8243701433807444	1.557210972195966	0.20345304240183282	0.1055088992675044	-1.9655548861932974	0.16726516854625118	-1.2626666417282206	0.1870855074339095	0.41288147444338275	0.8794187239009208	-1.0117008137348904	0.9221510213884976	-0.20006207191532344	-0.04767880418329104	0.47595386344664514	0.30427241808067884	-0.3710171689484749	-0.32935532758330366
4C059E69BC	117	-5.481149977053436	1.1683737475059535	-1.81547716853687	-3.0952289019464008	-0.257679299228478	-0.08572669071180972	0.8359711378527681	-0.344672447712842	0.5548926456168206	0.8664344212000754	0.8562703772175996	-0.1270111890021841	-0.14750824927870096	-0.5469498990514481	0.7037839080553026	0.16836580954986805	0.6595101429993278	0.3468499155045637	-0.14899290168322743	-0.2580920179216366
4C059E69BC	118	2.1879159252549614	-2.6084705081943187	-0.16468532773320343	-0.5369079506008045	2.5001570970132967	-0.8595036640411005	-0.8104475862607341	-0.2183499926542325	0.45546609974425634	-0.7306591654025072	-0.0325520308063344	-0.9509105473129971	0.20513306982443782	0.4945100531313287	0.18000912787830625	-0.3642312810252989	-0.1247463507471267	-0.04343345333215942	-0.33764650643518657	0.09115024186827059
4C059E69BC	119	2.606247840932236	4.638075986682292	-2.6457500877873956	-1.9671564299101885	-1.4980773151160243	-0.8638096630334262	-0.9826643517137423	0.8139228208814622	0.22105238650887626	0.10586614938318895	0.23752067073745475	0.3853362288009361	0.3143015361666812	0.23862847695441403	-0.13784658065733968	0.7720465456401885	0.3324006575059577	0.24245170199960264	0.1876909741011321	-0.529212787628349
4C059E69BC	120	0.5213856971100861	-4.199886599870716	2.322282488592232	0.957711212056024	0.49165447687560615	1.175624948437938	0.39982708760738994	-1.7299043092709319	-1.1796736045699672	0.5628372246853954	1.727742589613607	1.3230208388253963	-1.3122482834843154	0.3952305340222324	0.3367546535860688	-0.27583809107612833	-0.06105974662261038	-0.3561971042807206	1.1159944842251175	-0.6421474432416345
4C059E69BC	121	0.8771712594158445	-1.3233219113677168	0.15785280123950263	0.4212786572241587	-0.22688955779333142	-1.136005840450971	0.06799752517095392	0.13263208711390106	0.6762897661549405	0.6809999445720256	0.17930053260695	-0.39832406052703284	-0.36325274130793517	-0.12884311544263127	0.20146810159081507	0.1040655086486221	0.1994292096984409	-0.5686155117006668	0.11165943624126307	0.3250823374338503
4C059E69BC	122	0.48410897999010283	1.6188494696687	1.9448766201376444	-1.4966731481217064	-0.9395300295668392	3.5007724164190384	2.745155935583222	-3.5765717746394294	-0.5767589638676722	0.4706709987003277	0.03652264301478947	-1.117208419190506	-1.0368249334949056	-1.1347363075290708	0.43160823823891814	0.6833079238980243	0.08391115072706579	0.12130866899894266	0.08806981772545974	0.24701624915450582
4C059E69BC	123	4.602231292734194	-0.7511952486807797	-1.3125057186950044	2.9686551007747592	0.5072606354538713	-1.2274900745584967	-2.3033254162912105	0.9000389339033639	-0.4057965818955336	0.20226581887282413	-0.7157243686721185	-0.6425486484476988	-1.2802172993386627	0.1693505575051475	-0.4688804918336915	0.06644630516903485	-0.22302690348605414	0.40084028728778187	-0.13999829190851365	0.06379532245548747
4C059E69BC	124	-2.076816105478977	-1.4437099666165945	-4.7102555755445765	0.11352388705931382	-3.677891063254407	0.577053195852165	0.23505708610224296	0.101160318264224	-0.25708559164287026	-0.682808000666679	1.1731692322073588	-0.6086718453173585	-0.32974122322857014	0.02641124469982259	-0.10569386731942831	-0.20408714085440635	-0.18808645114489342	-0.398307782413031	0.45313418861862864	0.18653108310841526
4C059E69BC	125	1.3044523638440624	4.315601252323582	-3.833275539293937	-0.5706494615504258	-3.1479015941933923	-1.0868685882538793	-0.41184557624480966	0.5539307609960034	0.9857085426539771	0.4224429109329504	-0.18308416329410993	-0.8557581006267636	0.2672594020500618	-0.12857358861998236	-0.43340522314700625	0.5417528211916206	-0.14335799542039784	-0.06797268060706307	0.605667353477747	-0.014803241667011857
4C059E69BC	126	4.729226983289864	-1.943378171125104	0.39540819239203917	1.976196566051092	1.813541960632147	-0.1776065082766083	-1.2103436405682881	-0.06309044039989686	-0.8861349182586484	-0.97391745036407	-0.5224640135088753	-0.8274987891291126	-0.00799241018502525	0.27556036632646297	0.3393398768385394	-0.2091874640738781	0.2023504641074758	0.4354317909658756	-0.5067865623636632	0.08782361203582179
4C059E69BC	127	0.9667297924253213	4.476763806467989	-5.351229297232401	-1.0569497160722303	-0.36208108043370757	-0.8074894369386927	-0.3441664173885872	0.8697909251397924	0.6273748026412842	-0.18544703475294733	0.07464758127949789	0.8571240869810914	1.053952700661494	0.24310899976953237	-0.17428162216101573	0.18625984978526092	-0.009788572924534167	0.07033310060806408	-0.029780574857513287	-0.2610997874995227
4C059E69BC	128	-3.0888691859952977	-3.1028260135487034	-4.736826472717834	-0.7641313823648499	0.3193687495592741	-1.4013421240738895	0.8559696421003498	1.2430227548229063	0.050383246829074135	0.4499336243473626	0.23435987852406182	0.6196649471074842	0.5515600493665751	0.24924717377926342	-1.1690495448717693	-0.03569817795165883	-0.7712624433766273	-0.4505621202054113	0.2396484063931883	-0.051126772989099845
4C059E69BC	129	0.2795965471204078	-1.7361342961578567	-0.1456975925335342	0.8044619252714877	0.045510888301070196	-0.9690219854176165	-0.4400607665360585	0.48475691417880284	0.4361916055299022	0.4958358609612963	-0.16745229171417908	0.3747735686679743	-0.12771143350597922	-0.2963141074537461	0.4285441722589587	-0.243687557797006	0.5810905919083786	-0.356122548844805	-0.32523032142223407	0.38247013523471773
4C059E69BC	130	1.3231700616682027	-0.12245966906698735	-2.8350339972138636	1.7342035636149955	3.7988331132055997	-0.926886007272171	-0.751012413519982	1.2579031074887155	-0.6008397436584265	0.17076922991580878	-1.258479864010889	0.20502791703069967	-0.06735368452751797	-0.11431800328780639	0.9809061224194648	0.11762373871716739	-0.33761862464549997	-0.4502833136896205	0.5948280468312372	-0.15020742696139733
4C059E69BC	131	4.0245227212763925	1.1466961037363501	0.41339019944466604	0.11293044144965769	-1.3924766959832162	-0.779544275241979	-0.044026258617451575	1.1525247212355652	0.339877441544981	-0.5041218212815226	-1.1646018627189658	-1.9063445126764726	0.9930969750342697	-0.9161118506717223	-0.40390467118482665	-0.06758385625744187	-1.0477386537117817	-0.1310354858528162	1.0328215374515306	0.1433229910076954
4C059E69BC	132	-0.7319960975338993	-2.912095910500987	-2.6474842477530425	1.4750448030076893	2.03995631039788	-3.975219631445502	-0.631572531512882	2.139317756787097	0.10232776894342832	1.6707302570387517	0.896585799133584	1.0261679015831522	-0.49830522141941813	0.9565813356206725	-1.2628082927253717	1.168610827765875	0.1066515882629282	-0.06306391312112303	0.2131499041119529	-0.5889305774829405
4C059E69BC	133	2.912760233695844	-1.101863290727532	1.4360312815633407	-0.8708252517989035	-1.6520039047326271	2.4632569499762864	0.897442461246138	-3.5359607868206204	-0.38521467345272997	-0.7207851894155477	-0.3808657781856032	-0.5499718468532944	0.0006223351895045248	1.024747129443238	1.2427191116096514	-0.31506854956824537	0.10225253946866597	0.18167301030465333	-0.21078543441470465	0.4486431002080846
4C059E69BC	134	6.034191980859516	-0.5132686843317696	-1.4970381267435016	-3.02032579895746	-0.5798270914865533	0.49949737684362727	-1.7865701194701717	0.03132879939401434	-0.41331433525373784	-0.7386450865020928	-1.2855714109435166	0.334141728620283	0.42115762215282615	0.9884311638827867	0.056100466182082975	-1.1670492606655696	-0.20296031334138864	0.5479781955513625	-0.22554439285292283	-0.13830601473071402
4C059E69BC	135	-0.4220933411541963	3.3385846506371775	-2.4969669666337255	-2.4186216049912144	-0.20970004364931327	-0.4553518369266465	-0.40116531260088273	0.9318977195806006	-0.5068323527947958	-0.5425448835157456	0.8202347401681161	1.0399647664834006	0.7597566781344014	0.38192098040265776	0.15775984735563764	0.7775806374523014	0.4777846466559381	0.11265175893773738	-0.06615568833345797	-0.5595826911253297
4C059E69BC	136	-0.7327868719178112	-3.5683594101057134	-0.8171371900979743	1.6484303866506114	1.839141394224061	-2.1712640764404805	-0.42687971219439724	0.6334288978973319	1.0411901247017492	0.5024839717905853	-0.19281788741638028	-1.1851737956887174	0.13812067602723846	-0.0942822943895969	0.3368889534157793	0.2545507725930126	0.1292672988370469	-0.20594652232715638	0.19314741044519046	0.22341554081885073
4C059E69BC	137	-3.7064431960934825	2.3812294972288908	0.25243416370216143	0.6825391039318678	0.6238707541681343	-1.0087563262852663	-0.29125628988268026	0.7609395498605238	0.017093981279802772	0.4937301428205243	-0.06340359119577077	0.9750050508657999	0.19463064657485066	-0.14410565656638852	0.13131304455641324	-0.23569869943793406	0.2508846876628368	0.11683744965045073	-0.2935009663906012	-0.03556259062882061
4C059E69BC	138	1.4943217377418905	0.048343529779398486	-1.9457010764801133	0.22157561866647946	-0.8336968774823639	-2.213027841324867	-0.8225051567027233	1.950754175112646	0.46774432831195467	0.4641339941742364	0.185944868782565	0.8760638744225222	0.16001434081945834	0.2177335057137455	-0.1812542786350031	0.017859470208946876	-0.5220944098261271	-0.38712597185357445	0.4206133323495056	-0.32412169871008656
4C059E69BC	139	-2.434959254341494	0.5969518291464272	-2.7832239986907057	0.08193075315671727	0.14346467258254947	-0.5687214830246612	-0.5768323757307865	0.7704854062997093	-1.0678486874778668	-0.11803472955838523	1.167055163575137	0.4476468163764409	-1.1224376119053545	0.4072845410213972	0.13804285133162875	0.37609817160005254	0.5249185930090376	-0.3818160206780552	-0.07173977401601128	-0.131234454071135
4C059E69BC	140	-3.1457752589643504	1.549436864938429	-2.7801657951412624	-0.7745881733387794	1.4885542724401581	-0.7383478543609252	0.7422515495476265	0.17814288095915742	0.7819060869200487	0.9543946736056232	-0.753917532842559	-0.3869996724600586	-0.34468932475490277	-0.5754993674506679	0.05917314640363269	-0.6506077605873216	-0.5581394554636632	-0.3061535258580681	0.04782276813706865	0.3546894871862425
4C059E69BC	141	6.873644148641249	3.117219388645918	-3.1966143396054827	2.3323477809095667	2.2282102074872867	1.50929070946282	-0.9128878944455909	-0.7857774408290332	-1.1242501467300277	-0.36479075333821265	-0.0020386124066203992	0.2984684477240247	-0.47549847031031334	-0.23297074820781916	0.34811762921499945	1.1367159906971898	0.26795118549093	-0.17508251392639784	0.33774756168654285	-0.37288751867509395
4C059E69BC	142	1.74705290773896	0.9908337088611855	-3.203732124438539	3.684337869765537	3.0184613308754926	-1.0052441203018327	0.06954415323497365	0.8891514489343102	-0.3797386275495467	0.2628749065471927	0.46552943194883223	0.6771157832578378	-0.14788035750163073	-0.5190936713226577	-1.1346220217021008	-0.5091454635028062	-0.16945812840402685	-0.3594368458028645	-0.15277931648142307	-0.2026428940682261
4C059E69BC	143	-0.3172665879440806	-3.4017557763719917	-3.1974847358953022	-0.6370579339593707	-0.47996916952059365	-1.9873663360263025	-1.0724981292805484	1.1096260166737117	0.3276071143574728	-0.009808785246907314	0.17918689705901325	0.5710188725081977	0.2986385849467368	1.0310464865517197	-0.21583890072517153	-0.08300177438975717	-0.8265628260298776	-0.23378670478199814	0.6287810072170341	-0.3658169219026539
4C059E69BC	144	3.3824377690975482	-2.1899048088765727	-3.4963914434188412	-0.1574503984583	-0.08346201837013822	0.9482151331768156	1.325409122308061	-0.18549655803456844	-0.08685355209910073	-0.0525646710715757	-0.4321224867939951	1.0928256262018223	1.3758684386564894	0.36439333195597	-0.4247906815380249	-0.686094577139008	-0.3715838266419056	-0.03636965200811537	-0.4944929995829721	-0.002261585164887503
4C059E69BC	145	1.4417244102422146	-0.922705026286646	-2.2235138464724082	-2.3111744138495123	1.9882044667405125	1.5904008759775001	0.7793205059338764	0.5456922833070443	-0.7579998304546902	-0.5200302852445271	-0.39814278784866464	-0.5829726461050964	0.32366423228911856	-1.2108430316418435	1.249039093395388	0.138106284000893	-0.18831646807081204	-0.30306955263304025	-0.07726617108325762	-0.05172701963073001
4C059E69BC	146	0.29581275206392954	0.4970746728488503	-3.5809997154402007	0.38194338736934164	-1.9004342134760002	0.7599968254251115	-0.3057495362613043	1.1340100293855961	-0.4564693634607342	-1.1157291765072375	1.6084635675224863	-0.09797934312835643	0.4963921584321369	-0.7026316724912007	0.4912371748658009	0.548047264302247	0.3890093777934325	-0.4803505523184588	0.674578035118893	-0.17677626967646942
4C059E69BC	147	-0.7993904192518797	-1.8316505668883383	-4.852947971682245	-0.5135557033393621	0.6820027391548962	0.6287931243493352	0.22565984043358078	0.6464962114060135	-0.4962925315313176	-0.5752903582942646	0.26313332847677795	-0.35058723026279637	-0.4479700877431263	-0.04851602945482014	0.6508396325409747	-0.13207912164208455	-0.2580938929590417	-0.5255115940334034	-0.25609283459226084	0.2556325404937714
